original_name,topic,stage,purpose,category,new_filename,description
0ensns.c,Student Management System,complete,management_system,Mini_Projects,student_management_system.c,"Implements a student management system using a menu-driven interface to create, display, insert, search, and display all student records."
0ensns_1.c,Student Management System,complete,management_system,Mini_Projects,student_management_system_menu.c,Implements a menu-driven student management system using a simple text-based interface.
1+11+111.c,sum of repeated digit series,basic,implementation,Mathematics,repeated_digit_series.c,Calculates the sum of the repeated digit series up to n terms.
1+11+111_1.c,sum of repeated digit series,basic,implementation,Mathematics,repeated_digit_series.c,Calculates the sum of the repeated digit series up to n terms.
1-1_2+1_3-1_4.c,alternating harmonic series,basic,solver,Mathematics,alternating_harmonic_series.c,Calculates the sum of the alternating harmonic series up to n terms.
1-1_2+1_3-1_4_1.c,alternating harmonic series,basic,implementation,Mathematics,alternating_harmonic_series.c,Calculates the sum of the alternating harmonic series up to n terms.
10.c,square_root_calculation,basic,demonstration,Mathematics,square_root_table_generation.c,Generates a table of square roots from 1 to 9 using the sqrt function.
10_1.c,square_root_calculation,basic,demonstration,Mathematics,square_root_table_generation.c,Generates a table of square roots of integers from 1 to 9 using the sqrt function.
11.c,numbers divisible by 4 and leaving a remainder of 4 when divided by 5 and 6,basic,demonstration,Basics,numbers_divisible_by_4_and_remainder_4_when_divided_by_5_and_6.c,Finds and prints numbers between 7 and 100 that are divisible by 4 and leave a remainder of 4 when divided by 5 and 6.
11_1.c,numbers divisible by 4 and leaving a remainder of 4 when divided by 5 and 6,basic,demonstration,Basics,numbers_divisible_by_4_and_remainder_4_when_divided_by_5_and_6.c,Finds and prints numbers between 7 and 100 that are divisible by 4 and leave a remainder of 4 when divided by 5 and 6.
12(x) .c,inverse square series,basic,implementation,Mathematics,inverse_square_series.c,Calculates the sum of the inverse square series up to n terms.
12(x) _1.c,inverse square series,basic,implementation,Mathematics,inverse_square_series.c,Calculates the sum of the inverse square series up to n terms.
12(y) .c,inverse cube series,basic,implementation,Mathematics,inverse_cube_series.c,Calculates the sum of the inverse cube series up to n terms.
12(y) _1.c,inverse cube series,basic,implementation,Mathematics,inverse_cube_series.c,Calculates the sum of the inverse cube series up to n terms.
12.c,inverse cube series,basic,implementation,Mathematics,inverse_cube_series.c,Calculates the sum of the inverse cube series up to n terms.
12_1.c,inverse cube series,basic,implementation,Mathematics,inverse_cube_series.c,Calculates the sum of the inverse cube series up to n terms.
15.c,Triangular Numbers,basic,implementation,Mathematics,triangular_number_summation.c,Calculates the nth triangular number using the formula for the sum of an arithmetic series.
15_1.c,Triangular Number Calculation,basic,implementation,Mathematics,triangular_number_summation.c,Calculates the nth triangular number using a simple summation formula.
16(a) .c,sum of natural numbers,basic,implementation,Mathematics,sum_of_natural_numbers_series.c,Calculates the sum of the first n natural numbers using a simple iterative formula.
16(a) _1.c,sum of first n natural numbers,basic,implementation,Mathematics,sum_of_first_n_natural_numbers.c,Calculates the sum of the first n natural numbers using a simple iterative formula.
16(b) .c,sum of squares series,basic,implementation,Mathematics,sum_of_squares_series.c,Calculates the sum of the squares series up to n terms.
16(b) _1.c,sum of squares series,basic,implementation,Mathematics,sum_of_squares_series.c,Calculates the sum of the squares series up to n terms.
17.c,perfect_squares_up_to_n,basic,demonstration,Mathematics,perfect_squares_up_to_n.c,Generates perfect squares up to a given number n.
17_1.c,Perfect Squares,basic,demonstration,Mathematics,perfect_squares_up_to_n.c,Generates perfect squares up to a given limit.
18.c,Finding the greatest number,basic,implementation,Basics,finding_greatest_number.c,Finds the greatest number among n input numbers using a simple iterative approach.
18_1.c,Finding the greatest number,basic,solver,Basics,finding_greatest_number.c,Finds the greatest number among n input numbers using a simple iterative approach.
19.c,Finding the smallest number,basic,solver,Basics,smallest_number_finder.c,Finds the smallest number among a given set of numbers using a simple iterative approach.
19_1.c,Finding the smallest number,basic,solver,Basics,smallest_number_finder.c,Finds the smallest number among n input integers using a simple iterative approach.
1_1.c,Sorting,basic,implementation,Sorting,bubble_sort_ascending.c,Sorts an array of integers in ascending order using the bubble sort algorithm.
1_1_1.c,Sorting,basic,implementation,Sorting,bubble_sort_ascending.c,Sorts an array of integers in ascending order using the bubble sort algorithm.
1_3.c,Sorting,basic,implementation,Sorting,bubble_sort_ascending.c,Sorts an array of integers in ascending order using the bubble sort algorithm.
1_3_1.c,Sorting,basic,implementation,Sorting,bubble_sort_ascending.c,Sorts an array of integers in ascending order using the bubble sort algorithm.
2016 calendar. c.c,calendar_generation,complete,application,Mathematics,yearly_calendar_generator.c,Generates and prints a monthly calendar for a given year.
2016 calendar. c_1.c,calendar_generation,complete,application,Miscellaneous,yearly_calendar_generator.c,Generates and prints a monthly calendar for a given year.
20230111-064550.c,matrix comparison,basic,implementation,Arrays,matrix_equality_comparison.c,Compares two matrices for equality by checking if all corresponding elements are equal.
20230111-064550_1.c,matrix comparison,basic,implementation,Arrays,matrix_equality_comparison.c,Compares two matrices for equality by checking if all corresponding elements are equal.
20230113-180921.c,second largest number finder,basic,solver,Arrays,second_largest_number_finder.c,Finds the second largest number in an array of integers using a simple iterative approach.
20230113-180921_1.c,second largest number finder,basic,solver,Arrays,second_largest_number_finder.c,Finds the second largest number in an array of integers using a simple iterative approach.
20230221-071952.c,mathematical_concepts,intermediate,demonstration,Mathematics,multiple_mathematical_concepts_demo.c,"Demonstrates various mathematical concepts including swapping, HCF, palindrome, armstrong, strong numbers, sum of primes, fibonacci series, factorial, duplicate, deletion, sorting, trace of a matrix, upper triangular matrix, and matrix multiplication."
20230221-071952_1.c,mathematical_concepts,intermediate,demonstration,Mathematics,multiple_mathematical_concepts_demo.c,"Demonstrates various mathematical concepts including swapping, hcf, palindrome, armstrong, strong numbers, sum of primes, fibonacci series, factorial, duplicate, deleting, sorting, trace, and upper triangular matrix."
20230221-072653.c,mathematical_concepts,intermediate,demonstration,Mathematics,multiple_mathematical_concepts_demo.c,"Demonstrates various mathematical concepts including swapping, hcf, palindrome, armstrong, strong numbers, sum of primes, fibonacci series, factorial, duplicate, deleting, sorting, trace of a matrix, upper triangular matrix, and matrix multiplication."
20230221-072653_1.c,mathematical_concepts,intermediate,demonstration,Mathematics,multiple_mathematical_concepts_demo.c,"Demonstrates various mathematical concepts including swapping, HCF, palindrome, armstrong, strong numbers, sum of primes, fibonacci series, factorial, duplicate, deletion, sorting, trace of matrix, upper triangular matrix, and matrix multiplication."
20230315-011055.c,printing a box shape,basic,demonstration,Basics,box_shape_printer.c,Prints a box shape to the console using ASCII characters.
20230315-011055_1.c,printing a box with an arrow,basic,demonstration,Basics,boxed_arrow_pattern.c,Prints a boxed arrow pattern to the console.
20230509-020305.c,university_management_system,complete,management_system,Mini_Projects,university_management_system.c,"Manages student admissions, library, results, and employee salaries using various data structures and algorithms."
20230509-020305_1.c,university_management_system,complete,management_system,Mini_Projects,university_management_system.c,"Manages student admissions, library, results, and employee salaries using various data structures and algorithms."
20231001-130558.c,calendar_management,complete,application,Mini_Projects,calendar_event_manager.c,"Manages calendar events using a linked list data structure and provides functionality for displaying calendars, adding events, searching events, and sorting events by date."
20231001-130558_1.c,calendar management,complete,application,Mini_Projects,calendar_event_manager.c,"Manages calendar events using a linked list data structure and provides functionality for displaying, adding, searching, and sorting events."
22.c,Multiplication Table,basic,example,Basics,multiplication_table_generator.c,Generates a multiplication table for a given number up to 10 times.
22_1.c,Multiplication Table,basic,demonstration,Basics,multiplication_table_generator.c,Generates a multiplication table for a given number up to 10 times.
23.c,perfect number checker,basic,solver,Mathematics,perfect_number_checker.c,Determines whether a given number is perfect by summing its divisors.
23_1.c,perfect number checker,basic,solver,Mathematics,perfect_number_checker.c,Determines whether a given number is a perfect number by summing its divisors.
24.c,armstrong number checker,basic,solver,Mathematics,armstrong_number_checker.c,Determines whether a given number is an Armstrong number by summing the cubes of its digits and comparing the result to the original number.
24_1.c,armstrong number checker,basic,solver,Mathematics,armstrong_number_checker.c,Determines whether a given number is an Armstrong number by summing the cubes of its digits and comparing the result to the original number.
25.c,primality test,basic,solver,Mathematics,primality_test_by_divisor_counting.c,Determines whether a given number is prime by counting its divisors.
25_1.c,primality test,basic,solver,Mathematics,primality_test_by_divisor_counting.c,Determines whether a given number is prime by counting its divisors.
26.c,palindrome number checker,basic,implementation,Basics,integer_palindrome_checker.c,Checks whether a given integer is a palindrome using a simple iterative algorithm.
26_1.c,palindrome check,basic,implementation,Basics,integer_palindrome_check.c,Checks whether a given integer is a palindrome using a simple iterative algorithm.
27.c,Strong Number Checker,complete,solver,Mathematics,strong_number_checker.c,Determines whether a given number is a strong number by calculating the sum of the factorial of its digits.
27_1.c,strong number checker,intermediate,solver,Mathematics,strong_number_checker.c,Determines whether a given number is a strong number by calculating the sum of the factorial of its digits.
28 (1).c,number reversal,basic,utility,Basics,integer_reversal.c,Reverses a given integer using arithmetic operations.
28 (1)_1.c,number reversal,basic,utility,Basics,integer_reversal.c,Reverses a given integer using arithmetic operations.
28.c,number reversal,basic,implementation,Basics,integer_reversal.c,Reverses a given integer using a simple iterative algorithm.
28_1.c,number reversal,basic,utility,Basics,integer_reversal.c,Reverses a given integer using a simple iterative algorithm.
2akaka.c,ERROR,ERROR,ERROR,ERROR,ERROR,"Error code: 429 - {'error': {'message': 'Rate limit reached for model `llama-3.3-70b-versatile` in organization `org_01kbpjphpvfns9z0cm9f44pjvq` service tier `on_demand` on tokens per day (TPD): Limit 100000, Used 99322, Requested 2371. Please try again in 24m22.752s. Need more tokens? Upgrade to Dev Tier today at https://console.groq.com/settings/billing', 'type': 'tokens', 'code': 'rate_limit_exceeded'}}"
2akaka_1.c,ERROR,ERROR,ERROR,ERROR,ERROR,"Error code: 429 - {'error': {'message': 'Rate limit reached for model `llama-3.3-70b-versatile` in organization `org_01kbpjphpvfns9z0cm9f44pjvq` service tier `on_demand` on tokens per day (TPD): Limit 100000, Used 99322, Requested 2389. Please try again in 24m38.304s. Need more tokens? Upgrade to Dev Tier today at https://console.groq.com/settings/billing', 'type': 'tokens', 'code': 'rate_limit_exceeded'}}"
2_1.c,ERROR,ERROR,ERROR,ERROR,ERROR,"Error code: 429 - {'error': {'message': 'Rate limit reached for model `llama-3.3-70b-versatile` in organization `org_01kbpjphpvfns9z0cm9f44pjvq` service tier `on_demand` on tokens per day (TPD): Limit 100000, Used 99322, Requested 952. Please try again in 3m56.736s. Need more tokens? Upgrade to Dev Tier today at https://console.groq.com/settings/billing', 'type': 'tokens', 'code': 'rate_limit_exceeded'}}"
2_1_1.c,ERROR,ERROR,ERROR,ERROR,ERROR,"Error code: 429 - {'error': {'message': 'Rate limit reached for model `llama-3.3-70b-versatile` in organization `org_01kbpjphpvfns9z0cm9f44pjvq` service tier `on_demand` on tokens per day (TPD): Limit 100000, Used 99322, Requested 940. Please try again in 3m46.368s. Need more tokens? Upgrade to Dev Tier today at https://console.groq.com/settings/billing', 'type': 'tokens', 'code': 'rate_limit_exceeded'}}"
2_2.c,ERROR,ERROR,ERROR,ERROR,ERROR,"Error code: 429 - {'error': {'message': 'Rate limit reached for model `llama-3.3-70b-versatile` in organization `org_01kbpjphpvfns9z0cm9f44pjvq` service tier `on_demand` on tokens per day (TPD): Limit 100000, Used 99322, Requested 1052. Please try again in 5m23.135999999s. Need more tokens? Upgrade to Dev Tier today at https://console.groq.com/settings/billing', 'type': 'tokens', 'code': 'rate_limit_exceeded'}}"
2_2_1.c,ERROR,ERROR,ERROR,ERROR,ERROR,"Error code: 429 - {'error': {'message': 'Rate limit reached for model `llama-3.3-70b-versatile` in organization `org_01kbpjphpvfns9z0cm9f44pjvq` service tier `on_demand` on tokens per day (TPD): Limit 100000, Used 99321, Requested 1064. Please try again in 5m32.64s. Need more tokens? Upgrade to Dev Tier today at https://console.groq.com/settings/billing', 'type': 'tokens', 'code': 'rate_limit_exceeded'}}"
30.c,ERROR,ERROR,ERROR,ERROR,ERROR,"Error code: 429 - {'error': {'message': 'Rate limit reached for model `llama-3.3-70b-versatile` in organization `org_01kbpjphpvfns9z0cm9f44pjvq` service tier `on_demand` on tokens per day (TPD): Limit 100000, Used 99321, Requested 917. Please try again in 3m25.632s. Need more tokens? Upgrade to Dev Tier today at https://console.groq.com/settings/billing', 'type': 'tokens', 'code': 'rate_limit_exceeded'}}"
30_1.c,ERROR,ERROR,ERROR,ERROR,ERROR,"Error code: 429 - {'error': {'message': 'Rate limit reached for model `llama-3.3-70b-versatile` in organization `org_01kbpjphpvfns9z0cm9f44pjvq` service tier `on_demand` on tokens per day (TPD): Limit 100000, Used 99321, Requested 923. Please try again in 3m30.816s. Need more tokens? Upgrade to Dev Tier today at https://console.groq.com/settings/billing', 'type': 'tokens', 'code': 'rate_limit_exceeded'}}"
6.c,ERROR,ERROR,ERROR,ERROR,ERROR,"Error code: 429 - {'error': {'message': 'Rate limit reached for model `llama-3.3-70b-versatile` in organization `org_01kbpjphpvfns9z0cm9f44pjvq` service tier `on_demand` on tokens per day (TPD): Limit 100000, Used 99321, Requested 888. Please try again in 3m0.576s. Need more tokens? Upgrade to Dev Tier today at https://console.groq.com/settings/billing', 'type': 'tokens', 'code': 'rate_limit_exceeded'}}"
6_1.c,ERROR,ERROR,ERROR,ERROR,ERROR,"Error code: 429 - {'error': {'message': 'Rate limit reached for model `llama-3.3-70b-versatile` in organization `org_01kbpjphpvfns9z0cm9f44pjvq` service tier `on_demand` on tokens per day (TPD): Limit 100000, Used 99321, Requested 876. Please try again in 2m50.208s. Need more tokens? Upgrade to Dev Tier today at https://console.groq.com/settings/billing', 'type': 'tokens', 'code': 'rate_limit_exceeded'}}"
9.c,ERROR,ERROR,ERROR,ERROR,ERROR,"Error code: 429 - {'error': {'message': 'Rate limit reached for model `llama-3.3-70b-versatile` in organization `org_01kbpjphpvfns9z0cm9f44pjvq` service tier `on_demand` on tokens per day (TPD): Limit 100000, Used 99321, Requested 908. Please try again in 3m17.856s. Need more tokens? Upgrade to Dev Tier today at https://console.groq.com/settings/billing', 'type': 'tokens', 'code': 'rate_limit_exceeded'}}"
9_1.c,ERROR,ERROR,ERROR,ERROR,ERROR,"Error code: 429 - {'error': {'message': 'Rate limit reached for model `llama-3.3-70b-versatile` in organization `org_01kbpjphpvfns9z0cm9f44pjvq` service tier `on_demand` on tokens per day (TPD): Limit 100000, Used 99321, Requested 926. Please try again in 3m33.408s. Need more tokens? Upgrade to Dev Tier today at https://console.groq.com/settings/billing', 'type': 'tokens', 'code': 'rate_limit_exceeded'}}"
A14.c,ERROR,ERROR,ERROR,ERROR,ERROR,"Error code: 429 - {'error': {'message': 'Rate limit reached for model `llama-3.3-70b-versatile` in organization `org_01kbpjphpvfns9z0cm9f44pjvq` service tier `on_demand` on tokens per day (TPD): Limit 100000, Used 99321, Requested 912. Please try again in 3m21.312s. Need more tokens? Upgrade to Dev Tier today at https://console.groq.com/settings/billing', 'type': 'tokens', 'code': 'rate_limit_exceeded'}}"
A14_1.c,ERROR,ERROR,ERROR,ERROR,ERROR,"Error code: 429 - {'error': {'message': 'Rate limit reached for model `llama-3.3-70b-versatile` in organization `org_01kbpjphpvfns9z0cm9f44pjvq` service tier `on_demand` on tokens per day (TPD): Limit 100000, Used 99320, Requested 912. Please try again in 3m20.448s. Need more tokens? Upgrade to Dev Tier today at https://console.groq.com/settings/billing', 'type': 'tokens', 'code': 'rate_limit_exceeded'}}"
Activity_Selection.c,ERROR,ERROR,ERROR,ERROR,ERROR,"Error code: 429 - {'error': {'message': 'Rate limit reached for model `llama-3.3-70b-versatile` in organization `org_01kbpjphpvfns9z0cm9f44pjvq` service tier `on_demand` on tokens per day (TPD): Limit 100000, Used 99320, Requested 977. Please try again in 4m16.608s. Need more tokens? Upgrade to Dev Tier today at https://console.groq.com/settings/billing', 'type': 'tokens', 'code': 'rate_limit_exceeded'}}"
Activity_Selection_1.c,ERROR,ERROR,ERROR,ERROR,ERROR,"Error code: 429 - {'error': {'message': 'Rate limit reached for model `llama-3.3-70b-versatile` in organization `org_01kbpjphpvfns9z0cm9f44pjvq` service tier `on_demand` on tokens per day (TPD): Limit 100000, Used 99320, Requested 983. Please try again in 4m21.792s. Need more tokens? Upgrade to Dev Tier today at https://console.groq.com/settings/billing', 'type': 'tokens', 'code': 'rate_limit_exceeded'}}"
act_vity.c,ERROR,ERROR,ERROR,ERROR,ERROR,"Error code: 429 - {'error': {'message': 'Rate limit reached for model `llama-3.3-70b-versatile` in organization `org_01kbpjphpvfns9z0cm9f44pjvq` service tier `on_demand` on tokens per day (TPD): Limit 100000, Used 99320, Requested 985. Please try again in 4m23.52s. Need more tokens? Upgrade to Dev Tier today at https://console.groq.com/settings/billing', 'type': 'tokens', 'code': 'rate_limit_exceeded'}}"
act_vity_1.c,ERROR,ERROR,ERROR,ERROR,ERROR,"Error code: 429 - {'error': {'message': 'Rate limit reached for model `llama-3.3-70b-versatile` in organization `org_01kbpjphpvfns9z0cm9f44pjvq` service tier `on_demand` on tokens per day (TPD): Limit 100000, Used 99320, Requested 1003. Please try again in 4m39.072s. Need more tokens? Upgrade to Dev Tier today at https://console.groq.com/settings/billing', 'type': 'tokens', 'code': 'rate_limit_exceeded'}}"
Addition_of_Matrices.c,ERROR,ERROR,ERROR,ERROR,ERROR,"Error code: 429 - {'error': {'message': 'Rate limit reached for model `llama-3.3-70b-versatile` in organization `org_01kbpjphpvfns9z0cm9f44pjvq` service tier `on_demand` on tokens per day (TPD): Limit 100000, Used 99320, Requested 1175. Please try again in 7m7.68s. Need more tokens? Upgrade to Dev Tier today at https://console.groq.com/settings/billing', 'type': 'tokens', 'code': 'rate_limit_exceeded'}}"
Addition_of_Matrices_1.c,ERROR,ERROR,ERROR,ERROR,ERROR,"Error code: 429 - {'error': {'message': 'Rate limit reached for model `llama-3.3-70b-versatile` in organization `org_01kbpjphpvfns9z0cm9f44pjvq` service tier `on_demand` on tokens per day (TPD): Limit 100000, Used 99320, Requested 1163. Please try again in 6m57.312s. Need more tokens? Upgrade to Dev Tier today at https://console.groq.com/settings/billing', 'type': 'tokens', 'code': 'rate_limit_exceeded'}}"
ajaj.c,ERROR,ERROR,ERROR,ERROR,ERROR,"Error code: 429 - {'error': {'message': 'Rate limit reached for model `llama-3.3-70b-versatile` in organization `org_01kbpjphpvfns9z0cm9f44pjvq` service tier `on_demand` on tokens per day (TPD): Limit 100000, Used 99320, Requested 2705. Please try again in 29m9.6s. Need more tokens? Upgrade to Dev Tier today at https://console.groq.com/settings/billing', 'type': 'tokens', 'code': 'rate_limit_exceeded'}}"
ajaj_1.c,ERROR,ERROR,ERROR,ERROR,ERROR,"Error code: 429 - {'error': {'message': 'Rate limit reached for model `llama-3.3-70b-versatile` in organization `org_01kbpjphpvfns9z0cm9f44pjvq` service tier `on_demand` on tokens per day (TPD): Limit 100000, Used 99319, Requested 2693. Please try again in 28m58.368s. Need more tokens? Upgrade to Dev Tier today at https://console.groq.com/settings/billing', 'type': 'tokens', 'code': 'rate_limit_exceeded'}}"
all_pair.c,ERROR,ERROR,ERROR,ERROR,ERROR,"Error code: 429 - {'error': {'message': 'Rate limit reached for model `llama-3.3-70b-versatile` in organization `org_01kbpjphpvfns9z0cm9f44pjvq` service tier `on_demand` on tokens per day (TPD): Limit 100000, Used 99319, Requested 1080. Please try again in 5m44.736s. Need more tokens? Upgrade to Dev Tier today at https://console.groq.com/settings/billing', 'type': 'tokens', 'code': 'rate_limit_exceeded'}}"
all_pair_1.c,ERROR,ERROR,ERROR,ERROR,ERROR,"Error code: 429 - {'error': {'message': 'Rate limit reached for model `llama-3.3-70b-versatile` in organization `org_01kbpjphpvfns9z0cm9f44pjvq` service tier `on_demand` on tokens per day (TPD): Limit 100000, Used 99319, Requested 1098. Please try again in 6m0.288s. Need more tokens? Upgrade to Dev Tier today at https://console.groq.com/settings/billing', 'type': 'tokens', 'code': 'rate_limit_exceeded'}}"
amak.c,ERROR,ERROR,ERROR,ERROR,ERROR,"Error code: 429 - {'error': {'message': 'Rate limit reached for model `llama-3.3-70b-versatile` in organization `org_01kbpjphpvfns9z0cm9f44pjvq` service tier `on_demand` on tokens per day (TPD): Limit 100000, Used 99319, Requested 2412. Please try again in 24m55.583999999s. Need more tokens? Upgrade to Dev Tier today at https://console.groq.com/settings/billing', 'type': 'tokens', 'code': 'rate_limit_exceeded'}}"
amak_1.c,ERROR,ERROR,ERROR,ERROR,ERROR,"Error code: 429 - {'error': {'message': 'Rate limit reached for model `llama-3.3-70b-versatile` in organization `org_01kbpjphpvfns9z0cm9f44pjvq` service tier `on_demand` on tokens per day (TPD): Limit 100000, Used 99319, Requested 2400. Please try again in 24m45.216s. Need more tokens? Upgrade to Dev Tier today at https://console.groq.com/settings/billing', 'type': 'tokens', 'code': 'rate_limit_exceeded'}}"
arithmetic operations pointers. c.c,ERROR,ERROR,ERROR,ERROR,ERROR,"Error code: 429 - {'error': {'message': 'Rate limit reached for model `llama-3.3-70b-versatile` in organization `org_01kbpjphpvfns9z0cm9f44pjvq` service tier `on_demand` on tokens per day (TPD): Limit 100000, Used 99319, Requested 1139. Please try again in 6m35.712s. Need more tokens? Upgrade to Dev Tier today at https://console.groq.com/settings/billing', 'type': 'tokens', 'code': 'rate_limit_exceeded'}}"
arithmetic operations pointers. c_1.c,ERROR,ERROR,ERROR,ERROR,ERROR,"Error code: 429 - {'error': {'message': 'Rate limit reached for model `llama-3.3-70b-versatile` in organization `org_01kbpjphpvfns9z0cm9f44pjvq` service tier `on_demand` on tokens per day (TPD): Limit 100000, Used 99319, Requested 1157. Please try again in 6m51.264s. Need more tokens? Upgrade to Dev Tier today at https://console.groq.com/settings/billing', 'type': 'tokens', 'code': 'rate_limit_exceeded'}}"
array insertion.c,ERROR,ERROR,ERROR,ERROR,ERROR,"Error code: 429 - {'error': {'message': 'Rate limit reached for model `llama-3.3-70b-versatile` in organization `org_01kbpjphpvfns9z0cm9f44pjvq` service tier `on_demand` on tokens per day (TPD): Limit 100000, Used 99319, Requested 942. Please try again in 3m45.504s. Need more tokens? Upgrade to Dev Tier today at https://console.groq.com/settings/billing', 'type': 'tokens', 'code': 'rate_limit_exceeded'}}"
array insertion_1.c,ERROR,ERROR,ERROR,ERROR,ERROR,"Error code: 429 - {'error': {'message': 'Rate limit reached for model `llama-3.3-70b-versatile` in organization `org_01kbpjphpvfns9z0cm9f44pjvq` service tier `on_demand` on tokens per day (TPD): Limit 100000, Used 99318, Requested 960. Please try again in 4m0.191999999s. Need more tokens? Upgrade to Dev Tier today at https://console.groq.com/settings/billing', 'type': 'tokens', 'code': 'rate_limit_exceeded'}}"
assignment_pointers.c,ERROR,ERROR,ERROR,ERROR,ERROR,"Error code: 429 - {'error': {'message': 'Rate limit reached for model `llama-3.3-70b-versatile` in organization `org_01kbpjphpvfns9z0cm9f44pjvq` service tier `on_demand` on tokens per day (TPD): Limit 100000, Used 99318, Requested 1636. Please try again in 13m44.256s. Need more tokens? Upgrade to Dev Tier today at https://console.groq.com/settings/billing', 'type': 'tokens', 'code': 'rate_limit_exceeded'}}"
assignment_pointers_1.c,ERROR,ERROR,ERROR,ERROR,ERROR,"Error code: 429 - {'error': {'message': 'Rate limit reached for model `llama-3.3-70b-versatile` in organization `org_01kbpjphpvfns9z0cm9f44pjvq` service tier `on_demand` on tokens per day (TPD): Limit 100000, Used 99318, Requested 1636. Please try again in 13m44.256s. Need more tokens? Upgrade to Dev Tier today at https://console.groq.com/settings/billing', 'type': 'tokens', 'code': 'rate_limit_exceeded'}}"
ATM.c,ERROR,ERROR,ERROR,ERROR,ERROR,"Error code: 429 - {'error': {'message': 'Rate limit reached for model `llama-3.3-70b-versatile` in organization `org_01kbpjphpvfns9z0cm9f44pjvq` service tier `on_demand` on tokens per day (TPD): Limit 100000, Used 99318, Requested 1302. Please try again in 8m55.679999999s. Need more tokens? Upgrade to Dev Tier today at https://console.groq.com/settings/billing', 'type': 'tokens', 'code': 'rate_limit_exceeded'}}"
ATM_1.c,ERROR,ERROR,ERROR,ERROR,ERROR,"Error code: 429 - {'error': {'message': 'Rate limit reached for model `llama-3.3-70b-versatile` in organization `org_01kbpjphpvfns9z0cm9f44pjvq` service tier `on_demand` on tokens per day (TPD): Limit 100000, Used 99318, Requested 1290. Please try again in 8m45.312s. Need more tokens? Upgrade to Dev Tier today at https://console.groq.com/settings/billing', 'type': 'tokens', 'code': 'rate_limit_exceeded'}}"
AVL_trees.c,ERROR,ERROR,ERROR,ERROR,ERROR,"Error code: 429 - {'error': {'message': 'Rate limit reached for model `llama-3.3-70b-versatile` in organization `org_01kbpjphpvfns9z0cm9f44pjvq` service tier `on_demand` on tokens per day (TPD): Limit 100000, Used 99318, Requested 2245. Please try again in 22m30.432s. Need more tokens? Upgrade to Dev Tier today at https://console.groq.com/settings/billing', 'type': 'tokens', 'code': 'rate_limit_exceeded'}}"
AVL_trees_1.c,ERROR,ERROR,ERROR,ERROR,ERROR,"Error code: 429 - {'error': {'message': 'Rate limit reached for model `llama-3.3-70b-versatile` in organization `org_01kbpjphpvfns9z0cm9f44pjvq` service tier `on_demand` on tokens per day (TPD): Limit 100000, Used 99318, Requested 2239. Please try again in 22m25.248s. Need more tokens? Upgrade to Dev Tier today at https://console.groq.com/settings/billing', 'type': 'tokens', 'code': 'rate_limit_exceeded'}}"
binary search.c,ERROR,ERROR,ERROR,ERROR,ERROR,"Error code: 429 - {'error': {'message': 'Rate limit reached for model `llama-3.3-70b-versatile` in organization `org_01kbpjphpvfns9z0cm9f44pjvq` service tier `on_demand` on tokens per day (TPD): Limit 100000, Used 99317, Requested 941. Please try again in 3m42.911999999s. Need more tokens? Upgrade to Dev Tier today at https://console.groq.com/settings/billing', 'type': 'tokens', 'code': 'rate_limit_exceeded'}}"
binary search_1.c,ERROR,ERROR,ERROR,ERROR,ERROR,"Error code: 429 - {'error': {'message': 'Rate limit reached for model `llama-3.3-70b-versatile` in organization `org_01kbpjphpvfns9z0cm9f44pjvq` service tier `on_demand` on tokens per day (TPD): Limit 100000, Used 99317, Requested 941. Please try again in 3m42.911999999s. Need more tokens? Upgrade to Dev Tier today at https://console.groq.com/settings/billing', 'type': 'tokens', 'code': 'rate_limit_exceeded'}}"
binary to decimal-recursion. c.c,ERROR,ERROR,ERROR,ERROR,ERROR,"Error code: 429 - {'error': {'message': 'Rate limit reached for model `llama-3.3-70b-versatile` in organization `org_01kbpjphpvfns9z0cm9f44pjvq` service tier `on_demand` on tokens per day (TPD): Limit 100000, Used 99317, Requested 953. Please try again in 3m53.28s. Need more tokens? Upgrade to Dev Tier today at https://console.groq.com/settings/billing', 'type': 'tokens', 'code': 'rate_limit_exceeded'}}"
binary to decimal-recursion. c_1.c,ERROR,ERROR,ERROR,ERROR,ERROR,"Error code: 429 - {'error': {'message': 'Rate limit reached for model `llama-3.3-70b-versatile` in organization `org_01kbpjphpvfns9z0cm9f44pjvq` service tier `on_demand` on tokens per day (TPD): Limit 100000, Used 99317, Requested 953. Please try again in 3m53.28s. Need more tokens? Upgrade to Dev Tier today at https://console.groq.com/settings/billing', 'type': 'tokens', 'code': 'rate_limit_exceeded'}}"
binarysearch.c,ERROR,ERROR,ERROR,ERROR,ERROR,"Error code: 429 - {'error': {'message': 'Rate limit reached for model `llama-3.3-70b-versatile` in organization `org_01kbpjphpvfns9z0cm9f44pjvq` service tier `on_demand` on tokens per day (TPD): Limit 100000, Used 99317, Requested 1081. Please try again in 5m43.872s. Need more tokens? Upgrade to Dev Tier today at https://console.groq.com/settings/billing', 'type': 'tokens', 'code': 'rate_limit_exceeded'}}"
binarysearch_1.c,ERROR,ERROR,ERROR,ERROR,ERROR,"Error code: 429 - {'error': {'message': 'Rate limit reached for model `llama-3.3-70b-versatile` in organization `org_01kbpjphpvfns9z0cm9f44pjvq` service tier `on_demand` on tokens per day (TPD): Limit 100000, Used 99317, Requested 1069. Please try again in 5m33.504s. Need more tokens? Upgrade to Dev Tier today at https://console.groq.com/settings/billing', 'type': 'tokens', 'code': 'rate_limit_exceeded'}}"
BST.c,ERROR,ERROR,ERROR,ERROR,ERROR,"Error code: 429 - {'error': {'message': 'Rate limit reached for model `llama-3.3-70b-versatile` in organization `org_01kbpjphpvfns9z0cm9f44pjvq` service tier `on_demand` on tokens per day (TPD): Limit 100000, Used 99316, Requested 2579. Please try again in 27m17.28s. Need more tokens? Upgrade to Dev Tier today at https://console.groq.com/settings/billing', 'type': 'tokens', 'code': 'rate_limit_exceeded'}}"
BSTtree.c,ERROR,ERROR,ERROR,ERROR,ERROR,"Error code: 429 - {'error': {'message': 'Rate limit reached for model `llama-3.3-70b-versatile` in organization `org_01kbpjphpvfns9z0cm9f44pjvq` service tier `on_demand` on tokens per day (TPD): Limit 100000, Used 99316, Requested 2585. Please try again in 27m22.464s. Need more tokens? Upgrade to Dev Tier today at https://console.groq.com/settings/billing', 'type': 'tokens', 'code': 'rate_limit_exceeded'}}"
BSTtree_1.c,ERROR,ERROR,ERROR,ERROR,ERROR,"Error code: 429 - {'error': {'message': 'Rate limit reached for model `llama-3.3-70b-versatile` in organization `org_01kbpjphpvfns9z0cm9f44pjvq` service tier `on_demand` on tokens per day (TPD): Limit 100000, Used 99316, Requested 2585. Please try again in 27m22.464s. Need more tokens? Upgrade to Dev Tier today at https://console.groq.com/settings/billing', 'type': 'tokens', 'code': 'rate_limit_exceeded'}}"
BST_1.c,ERROR,ERROR,ERROR,ERROR,ERROR,"Error code: 429 - {'error': {'message': 'Rate limit reached for model `llama-3.3-70b-versatile` in organization `org_01kbpjphpvfns9z0cm9f44pjvq` service tier `on_demand` on tokens per day (TPD): Limit 100000, Used 99316, Requested 2579. Please try again in 27m17.28s. Need more tokens? Upgrade to Dev Tier today at https://console.groq.com/settings/billing', 'type': 'tokens', 'code': 'rate_limit_exceeded'}}"
BST_T.c,ERROR,ERROR,ERROR,ERROR,ERROR,"Error code: 429 - {'error': {'message': 'Rate limit reached for model `llama-3.3-70b-versatile` in organization `org_01kbpjphpvfns9z0cm9f44pjvq` service tier `on_demand` on tokens per day (TPD): Limit 100000, Used 99316, Requested 2568. Please try again in 27m7.775999999s. Need more tokens? Upgrade to Dev Tier today at https://console.groq.com/settings/billing', 'type': 'tokens', 'code': 'rate_limit_exceeded'}}"
BST_T_1.c,ERROR,ERROR,ERROR,ERROR,ERROR,"Error code: 429 - {'error': {'message': 'Rate limit reached for model `llama-3.3-70b-versatile` in organization `org_01kbpjphpvfns9z0cm9f44pjvq` service tier `on_demand` on tokens per day (TPD): Limit 100000, Used 99316, Requested 2580. Please try again in 27m18.144s. Need more tokens? Upgrade to Dev Tier today at https://console.groq.com/settings/billing', 'type': 'tokens', 'code': 'rate_limit_exceeded'}}"
bubble sort.c,ERROR,ERROR,ERROR,ERROR,ERROR,"Error code: 429 - {'error': {'message': 'Rate limit reached for model `llama-3.3-70b-versatile` in organization `org_01kbpjphpvfns9z0cm9f44pjvq` service tier `on_demand` on tokens per day (TPD): Limit 100000, Used 99315, Requested 1077. Please try again in 5m38.688s. Need more tokens? Upgrade to Dev Tier today at https://console.groq.com/settings/billing', 'type': 'tokens', 'code': 'rate_limit_exceeded'}}"
bubble sort_1.c,ERROR,ERROR,ERROR,ERROR,ERROR,"Error code: 429 - {'error': {'message': 'Rate limit reached for model `llama-3.3-70b-versatile` in organization `org_01kbpjphpvfns9z0cm9f44pjvq` service tier `on_demand` on tokens per day (TPD): Limit 100000, Used 99315, Requested 1071. Please try again in 5m33.504s. Need more tokens? Upgrade to Dev Tier today at https://console.groq.com/settings/billing', 'type': 'tokens', 'code': 'rate_limit_exceeded'}}"
bubble with binary.c,ERROR,ERROR,ERROR,ERROR,ERROR,"Error code: 429 - {'error': {'message': 'Rate limit reached for model `llama-3.3-70b-versatile` in organization `org_01kbpjphpvfns9z0cm9f44pjvq` service tier `on_demand` on tokens per day (TPD): Limit 100000, Used 99315, Requested 1229. Please try again in 7m50.016s. Need more tokens? Upgrade to Dev Tier today at https://console.groq.com/settings/billing', 'type': 'tokens', 'code': 'rate_limit_exceeded'}}"
bubble with binary_1.c,ERROR,ERROR,ERROR,ERROR,ERROR,"Error code: 429 - {'error': {'message': 'Rate limit reached for model `llama-3.3-70b-versatile` in organization `org_01kbpjphpvfns9z0cm9f44pjvq` service tier `on_demand` on tokens per day (TPD): Limit 100000, Used 99315, Requested 1229. Please try again in 7m50.016s. Need more tokens? Upgrade to Dev Tier today at https://console.groq.com/settings/billing', 'type': 'tokens', 'code': 'rate_limit_exceeded'}}"
bubblesort descending.c,ERROR,ERROR,ERROR,ERROR,ERROR,"Error code: 429 - {'error': {'message': 'Rate limit reached for model `llama-3.3-70b-versatile` in organization `org_01kbpjphpvfns9z0cm9f44pjvq` service tier `on_demand` on tokens per day (TPD): Limit 100000, Used 99315, Requested 1078. Please try again in 5m39.552s. Need more tokens? Upgrade to Dev Tier today at https://console.groq.com/settings/billing', 'type': 'tokens', 'code': 'rate_limit_exceeded'}}"
bubblesort descending_1.c,ERROR,ERROR,ERROR,ERROR,ERROR,"Error code: 429 - {'error': {'message': 'Rate limit reached for model `llama-3.3-70b-versatile` in organization `org_01kbpjphpvfns9z0cm9f44pjvq` service tier `on_demand` on tokens per day (TPD): Limit 100000, Used 99315, Requested 1078. Please try again in 5m39.552s. Need more tokens? Upgrade to Dev Tier today at https://console.groq.com/settings/billing', 'type': 'tokens', 'code': 'rate_limit_exceeded'}}"
c1.c,ERROR,ERROR,ERROR,ERROR,ERROR,"Error code: 429 - {'error': {'message': 'Rate limit reached for model `llama-3.3-70b-versatile` in organization `org_01kbpjphpvfns9z0cm9f44pjvq` service tier `on_demand` on tokens per day (TPD): Limit 100000, Used 99315, Requested 1747. Please try again in 15m17.568s. Need more tokens? Upgrade to Dev Tier today at https://console.groq.com/settings/billing', 'type': 'tokens', 'code': 'rate_limit_exceeded'}}"
c1_1.c,ERROR,ERROR,ERROR,ERROR,ERROR,"Error code: 429 - {'error': {'message': 'Rate limit reached for model `llama-3.3-70b-versatile` in organization `org_01kbpjphpvfns9z0cm9f44pjvq` service tier `on_demand` on tokens per day (TPD): Limit 100000, Used 99314, Requested 1747. Please try again in 15m16.704s. Need more tokens? Upgrade to Dev Tier today at https://console.groq.com/settings/billing', 'type': 'tokens', 'code': 'rate_limit_exceeded'}}"
Calander_using DS.c,ERROR,ERROR,ERROR,ERROR,ERROR,"Error code: 429 - {'error': {'message': 'Rate limit reached for model `llama-3.3-70b-versatile` in organization `org_01kbpjphpvfns9z0cm9f44pjvq` service tier `on_demand` on tokens per day (TPD): Limit 100000, Used 99314, Requested 2823. Please try again in 30m46.368s. Need more tokens? Upgrade to Dev Tier today at https://console.groq.com/settings/billing', 'type': 'tokens', 'code': 'rate_limit_exceeded'}}"
Calander_using DS_1.c,ERROR,ERROR,ERROR,ERROR,ERROR,"Error code: 429 - {'error': {'message': 'Rate limit reached for model `llama-3.3-70b-versatile` in organization `org_01kbpjphpvfns9z0cm9f44pjvq` service tier `on_demand` on tokens per day (TPD): Limit 100000, Used 99314, Requested 2841. Please try again in 31m1.92s. Need more tokens? Upgrade to Dev Tier today at https://console.groq.com/settings/billing', 'type': 'tokens', 'code': 'rate_limit_exceeded'}}"
calci. c.c,ERROR,ERROR,ERROR,ERROR,ERROR,"Error code: 429 - {'error': {'message': 'Rate limit reached for model `llama-3.3-70b-versatile` in organization `org_01kbpjphpvfns9z0cm9f44pjvq` service tier `on_demand` on tokens per day (TPD): Limit 100000, Used 99314, Requested 1149. Please try again in 6m40.032s. Need more tokens? Upgrade to Dev Tier today at https://console.groq.com/settings/billing', 'type': 'tokens', 'code': 'rate_limit_exceeded'}}"
calci. c_1.c,ERROR,ERROR,ERROR,ERROR,ERROR,"Error code: 429 - {'error': {'message': 'Rate limit reached for model `llama-3.3-70b-versatile` in organization `org_01kbpjphpvfns9z0cm9f44pjvq` service tier `on_demand` on tokens per day (TPD): Limit 100000, Used 99314, Requested 1137. Please try again in 6m29.664s. Need more tokens? Upgrade to Dev Tier today at https://console.groq.com/settings/billing', 'type': 'tokens', 'code': 'rate_limit_exceeded'}}"
Calendar online. c.c,ERROR,ERROR,ERROR,ERROR,ERROR,"Error code: 429 - {'error': {'message': 'Rate limit reached for model `llama-3.3-70b-versatile` in organization `org_01kbpjphpvfns9z0cm9f44pjvq` service tier `on_demand` on tokens per day (TPD): Limit 100000, Used 99314, Requested 1959. Please try again in 18m19.872s. Need more tokens? Upgrade to Dev Tier today at https://console.groq.com/settings/billing', 'type': 'tokens', 'code': 'rate_limit_exceeded'}}"
Calendar online. c_1.c,ERROR,ERROR,ERROR,ERROR,ERROR,"Error code: 429 - {'error': {'message': 'Rate limit reached for model `llama-3.3-70b-versatile` in organization `org_01kbpjphpvfns9z0cm9f44pjvq` service tier `on_demand` on tokens per day (TPD): Limit 100000, Used 99313, Requested 1977. Please try again in 18m34.56s. Need more tokens? Upgrade to Dev Tier today at https://console.groq.com/settings/billing', 'type': 'tokens', 'code': 'rate_limit_exceeded'}}"
calendar project. c.c,ERROR,ERROR,ERROR,ERROR,ERROR,"Error code: 429 - {'error': {'message': 'Rate limit reached for model `llama-3.3-70b-versatile` in organization `org_01kbpjphpvfns9z0cm9f44pjvq` service tier `on_demand` on tokens per day (TPD): Limit 100000, Used 99313, Requested 990. Please try again in 4m21.792s. Need more tokens? Upgrade to Dev Tier today at https://console.groq.com/settings/billing', 'type': 'tokens', 'code': 'rate_limit_exceeded'}}"
calendar project. c_1.c,ERROR,ERROR,ERROR,ERROR,ERROR,"Error code: 429 - {'error': {'message': 'Rate limit reached for model `llama-3.3-70b-versatile` in organization `org_01kbpjphpvfns9z0cm9f44pjvq` service tier `on_demand` on tokens per day (TPD): Limit 100000, Used 99313, Requested 984. Please try again in 4m16.608s. Need more tokens? Upgrade to Dev Tier today at https://console.groq.com/settings/billing', 'type': 'tokens', 'code': 'rate_limit_exceeded'}}"
CALENDAR PROJECT.c,ERROR,ERROR,ERROR,ERROR,ERROR,"Error code: 429 - {'error': {'message': 'Rate limit reached for model `llama-3.3-70b-versatile` in organization `org_01kbpjphpvfns9z0cm9f44pjvq` service tier `on_demand` on tokens per day (TPD): Limit 100000, Used 99313, Requested 2109. Please try again in 20m28.608s. Need more tokens? Upgrade to Dev Tier today at https://console.groq.com/settings/billing', 'type': 'tokens', 'code': 'rate_limit_exceeded'}}"
CALENDAR PROJECT_1.c,ERROR,ERROR,ERROR,ERROR,ERROR,"Error code: 429 - {'error': {'message': 'Rate limit reached for model `llama-3.3-70b-versatile` in organization `org_01kbpjphpvfns9z0cm9f44pjvq` service tier `on_demand` on tokens per day (TPD): Limit 100000, Used 99313, Requested 2097. Please try again in 20m18.24s. Need more tokens? Upgrade to Dev Tier today at https://console.groq.com/settings/billing', 'type': 'tokens', 'code': 'rate_limit_exceeded'}}"
circle.c,ERROR,ERROR,ERROR,ERROR,ERROR,"Error code: 429 - {'error': {'message': 'Rate limit reached for model `llama-3.3-70b-versatile` in organization `org_01kbpjphpvfns9z0cm9f44pjvq` service tier `on_demand` on tokens per day (TPD): Limit 100000, Used 99313, Requested 1737. Please try again in 15m7.2s. Need more tokens? Upgrade to Dev Tier today at https://console.groq.com/settings/billing', 'type': 'tokens', 'code': 'rate_limit_exceeded'}}"
circle_1.c,ERROR,ERROR,ERROR,ERROR,ERROR,"Error code: 429 - {'error': {'message': 'Rate limit reached for model `llama-3.3-70b-versatile` in organization `org_01kbpjphpvfns9z0cm9f44pjvq` service tier `on_demand` on tokens per day (TPD): Limit 100000, Used 99313, Requested 1749. Please try again in 15m17.568s. Need more tokens? Upgrade to Dev Tier today at https://console.groq.com/settings/billing', 'type': 'tokens', 'code': 'rate_limit_exceeded'}}"
circular ll.c,ERROR,ERROR,ERROR,ERROR,ERROR,"Error code: 429 - {'error': {'message': 'Rate limit reached for model `llama-3.3-70b-versatile` in organization `org_01kbpjphpvfns9z0cm9f44pjvq` service tier `on_demand` on tokens per day (TPD): Limit 100000, Used 99312, Requested 1120. Please try again in 6m13.248s. Need more tokens? Upgrade to Dev Tier today at https://console.groq.com/settings/billing', 'type': 'tokens', 'code': 'rate_limit_exceeded'}}"
circular ll_1.c,ERROR,ERROR,ERROR,ERROR,ERROR,"Error code: 429 - {'error': {'message': 'Rate limit reached for model `llama-3.3-70b-versatile` in organization `org_01kbpjphpvfns9z0cm9f44pjvq` service tier `on_demand` on tokens per day (TPD): Limit 100000, Used 99312, Requested 1120. Please try again in 6m13.248s. Need more tokens? Upgrade to Dev Tier today at https://console.groq.com/settings/billing', 'type': 'tokens', 'code': 'rate_limit_exceeded'}}"
circularlinkedlist.c,ERROR,ERROR,ERROR,ERROR,ERROR,"Error code: 429 - {'error': {'message': 'Rate limit reached for model `llama-3.3-70b-versatile` in organization `org_01kbpjphpvfns9z0cm9f44pjvq` service tier `on_demand` on tokens per day (TPD): Limit 100000, Used 99312, Requested 1110. Please try again in 6m4.608s. Need more tokens? Upgrade to Dev Tier today at https://console.groq.com/settings/billing', 'type': 'tokens', 'code': 'rate_limit_exceeded'}}"
circularlinkedlist_1.c,ERROR,ERROR,ERROR,ERROR,ERROR,"Error code: 429 - {'error': {'message': 'Rate limit reached for model `llama-3.3-70b-versatile` in organization `org_01kbpjphpvfns9z0cm9f44pjvq` service tier `on_demand` on tokens per day (TPD): Limit 100000, Used 99312, Requested 1128. Please try again in 6m20.16s. Need more tokens? Upgrade to Dev Tier today at https://console.groq.com/settings/billing', 'type': 'tokens', 'code': 'rate_limit_exceeded'}}"
contact1.c,ERROR,ERROR,ERROR,ERROR,ERROR,"Error code: 429 - {'error': {'message': 'Rate limit reached for model `llama-3.3-70b-versatile` in organization `org_01kbpjphpvfns9z0cm9f44pjvq` service tier `on_demand` on tokens per day (TPD): Limit 100000, Used 99312, Requested 978. Please try again in 4m10.559999999s. Need more tokens? Upgrade to Dev Tier today at https://console.groq.com/settings/billing', 'type': 'tokens', 'code': 'rate_limit_exceeded'}}"
contact1_1.c,ERROR,ERROR,ERROR,ERROR,ERROR,"Error code: 429 - {'error': {'message': 'Rate limit reached for model `llama-3.3-70b-versatile` in organization `org_01kbpjphpvfns9z0cm9f44pjvq` service tier `on_demand` on tokens per day (TPD): Limit 100000, Used 99312, Requested 978. Please try again in 4m10.559999999s. Need more tokens? Upgrade to Dev Tier today at https://console.groq.com/settings/billing', 'type': 'tokens', 'code': 'rate_limit_exceeded'}}"
createlinkedlist.c,ERROR,ERROR,ERROR,ERROR,ERROR,"Error code: 429 - {'error': {'message': 'Rate limit reached for model `llama-3.3-70b-versatile` in organization `org_01kbpjphpvfns9z0cm9f44pjvq` service tier `on_demand` on tokens per day (TPD): Limit 100000, Used 99312, Requested 1116. Please try again in 6m9.792s. Need more tokens? Upgrade to Dev Tier today at https://console.groq.com/settings/billing', 'type': 'tokens', 'code': 'rate_limit_exceeded'}}"
createlinkedlist_1.c,ERROR,ERROR,ERROR,ERROR,ERROR,"Error code: 429 - {'error': {'message': 'Rate limit reached for model `llama-3.3-70b-versatile` in organization `org_01kbpjphpvfns9z0cm9f44pjvq` service tier `on_demand` on tokens per day (TPD): Limit 100000, Used 99311, Requested 1104. Please try again in 5m58.56s. Need more tokens? Upgrade to Dev Tier today at https://console.groq.com/settings/billing', 'type': 'tokens', 'code': 'rate_limit_exceeded'}}"
cricket pending. c.c,ERROR,ERROR,ERROR,ERROR,ERROR,"Error code: 429 - {'error': {'message': 'Rate limit reached for model `llama-3.3-70b-versatile` in organization `org_01kbpjphpvfns9z0cm9f44pjvq` service tier `on_demand` on tokens per day (TPD): Limit 100000, Used 99311, Requested 1103. Please try again in 5m57.696s. Need more tokens? Upgrade to Dev Tier today at https://console.groq.com/settings/billing', 'type': 'tokens', 'code': 'rate_limit_exceeded'}}"
cricket pending. c_1.c,ERROR,ERROR,ERROR,ERROR,ERROR,"Error code: 429 - {'error': {'message': 'Rate limit reached for model `llama-3.3-70b-versatile` in organization `org_01kbpjphpvfns9z0cm9f44pjvq` service tier `on_demand` on tokens per day (TPD): Limit 100000, Used 99311, Requested 1109. Please try again in 6m2.88s. Need more tokens? Upgrade to Dev Tier today at https://console.groq.com/settings/billing', 'type': 'tokens', 'code': 'rate_limit_exceeded'}}"
cricket.c,ERROR,ERROR,ERROR,ERROR,ERROR,"Error code: 429 - {'error': {'message': 'Rate limit reached for model `llama-3.3-70b-versatile` in organization `org_01kbpjphpvfns9z0cm9f44pjvq` service tier `on_demand` on tokens per day (TPD): Limit 100000, Used 99311, Requested 1088. Please try again in 5m44.736s. Need more tokens? Upgrade to Dev Tier today at https://console.groq.com/settings/billing', 'type': 'tokens', 'code': 'rate_limit_exceeded'}}"
cricket_1.c,ERROR,ERROR,ERROR,ERROR,ERROR,"Error code: 429 - {'error': {'message': 'Rate limit reached for model `llama-3.3-70b-versatile` in organization `org_01kbpjphpvfns9z0cm9f44pjvq` service tier `on_demand` on tokens per day (TPD): Limit 100000, Used 99311, Requested 1250. Please try again in 8m4.704s. Need more tokens? Upgrade to Dev Tier today at https://console.groq.com/settings/billing', 'type': 'tokens', 'code': 'rate_limit_exceeded'}}"
cricket_1_1.c,ERROR,ERROR,ERROR,ERROR,ERROR,"Error code: 429 - {'error': {'message': 'Rate limit reached for model `llama-3.3-70b-versatile` in organization `org_01kbpjphpvfns9z0cm9f44pjvq` service tier `on_demand` on tokens per day (TPD): Limit 100000, Used 99311, Requested 1250. Please try again in 8m4.704s. Need more tokens? Upgrade to Dev Tier today at https://console.groq.com/settings/billing', 'type': 'tokens', 'code': 'rate_limit_exceeded'}}"
cricket_2.c,ERROR,ERROR,ERROR,ERROR,ERROR,"Error code: 429 - {'error': {'message': 'Rate limit reached for model `llama-3.3-70b-versatile` in organization `org_01kbpjphpvfns9z0cm9f44pjvq` service tier `on_demand` on tokens per day (TPD): Limit 100000, Used 99311, Requested 1088. Please try again in 5m44.736s. Need more tokens? Upgrade to Dev Tier today at https://console.groq.com/settings/billing', 'type': 'tokens', 'code': 'rate_limit_exceeded'}}"
DAA_WEEK_3_ASSIGNMENT.c,ERROR,ERROR,ERROR,ERROR,ERROR,"Error code: 429 - {'error': {'message': 'Rate limit reached for model `llama-3.3-70b-versatile` in organization `org_01kbpjphpvfns9z0cm9f44pjvq` service tier `on_demand` on tokens per day (TPD): Limit 100000, Used 99311, Requested 1055. Please try again in 5m16.224s. Need more tokens? Upgrade to Dev Tier today at https://console.groq.com/settings/billing', 'type': 'tokens', 'code': 'rate_limit_exceeded'}}"
DAA_WEEK_3_ASSIGNMENT_1.c,ERROR,ERROR,ERROR,ERROR,ERROR,"Error code: 429 - {'error': {'message': 'Rate limit reached for model `llama-3.3-70b-versatile` in organization `org_01kbpjphpvfns9z0cm9f44pjvq` service tier `on_demand` on tokens per day (TPD): Limit 100000, Used 99311, Requested 1049. Please try again in 5m11.039999999s. Need more tokens? Upgrade to Dev Tier today at https://console.groq.com/settings/billing', 'type': 'tokens', 'code': 'rate_limit_exceeded'}}"
del. c.c,ERROR,ERROR,ERROR,ERROR,ERROR,"Error code: 429 - {'error': {'message': 'Rate limit reached for model `llama-3.3-70b-versatile` in organization `org_01kbpjphpvfns9z0cm9f44pjvq` service tier `on_demand` on tokens per day (TPD): Limit 100000, Used 99310, Requested 953. Please try again in 3m47.232s. Need more tokens? Upgrade to Dev Tier today at https://console.groq.com/settings/billing', 'type': 'tokens', 'code': 'rate_limit_exceeded'}}"
del. c_1.c,ERROR,ERROR,ERROR,ERROR,ERROR,"Error code: 429 - {'error': {'message': 'Rate limit reached for model `llama-3.3-70b-versatile` in organization `org_01kbpjphpvfns9z0cm9f44pjvq` service tier `on_demand` on tokens per day (TPD): Limit 100000, Used 99310, Requested 959. Please try again in 3m52.416s. Need more tokens? Upgrade to Dev Tier today at https://console.groq.com/settings/billing', 'type': 'tokens', 'code': 'rate_limit_exceeded'}}"
demonstration structure.c,ERROR,ERROR,ERROR,ERROR,ERROR,"Error code: 429 - {'error': {'message': 'Rate limit reached for model `llama-3.3-70b-versatile` in organization `org_01kbpjphpvfns9z0cm9f44pjvq` service tier `on_demand` on tokens per day (TPD): Limit 100000, Used 99310, Requested 2167. Please try again in 21m16.128s. Need more tokens? Upgrade to Dev Tier today at https://console.groq.com/settings/billing', 'type': 'tokens', 'code': 'rate_limit_exceeded'}}"
demonstration structure_1.c,ERROR,ERROR,ERROR,ERROR,ERROR,"Error code: 429 - {'error': {'message': 'Rate limit reached for model `llama-3.3-70b-versatile` in organization `org_01kbpjphpvfns9z0cm9f44pjvq` service tier `on_demand` on tokens per day (TPD): Limit 100000, Used 99310, Requested 2161. Please try again in 21m10.944s. Need more tokens? Upgrade to Dev Tier today at https://console.groq.com/settings/billing', 'type': 'tokens', 'code': 'rate_limit_exceeded'}}"
des. c.c,ERROR,ERROR,ERROR,ERROR,ERROR,"Error code: 429 - {'error': {'message': 'Rate limit reached for model `llama-3.3-70b-versatile` in organization `org_01kbpjphpvfns9z0cm9f44pjvq` service tier `on_demand` on tokens per day (TPD): Limit 100000, Used 99310, Requested 1292. Please try again in 8m40.128s. Need more tokens? Upgrade to Dev Tier today at https://console.groq.com/settings/billing', 'type': 'tokens', 'code': 'rate_limit_exceeded'}}"
des. c_1.c,ERROR,ERROR,ERROR,ERROR,ERROR,"Error code: 429 - {'error': {'message': 'Rate limit reached for model `llama-3.3-70b-versatile` in organization `org_01kbpjphpvfns9z0cm9f44pjvq` service tier `on_demand` on tokens per day (TPD): Limit 100000, Used 99310, Requested 1292. Please try again in 8m40.128s. Need more tokens? Upgrade to Dev Tier today at https://console.groq.com/settings/billing', 'type': 'tokens', 'code': 'rate_limit_exceeded'}}"
dia.c,ERROR,ERROR,ERROR,ERROR,ERROR,"Error code: 429 - {'error': {'message': 'Rate limit reached for model `llama-3.3-70b-versatile` in organization `org_01kbpjphpvfns9z0cm9f44pjvq` service tier `on_demand` on tokens per day (TPD): Limit 100000, Used 99309, Requested 867. Please try again in 2m32.064s. Need more tokens? Upgrade to Dev Tier today at https://console.groq.com/settings/billing', 'type': 'tokens', 'code': 'rate_limit_exceeded'}}"
dia_1.c,ERROR,ERROR,ERROR,ERROR,ERROR,"Error code: 429 - {'error': {'message': 'Rate limit reached for model `llama-3.3-70b-versatile` in organization `org_01kbpjphpvfns9z0cm9f44pjvq` service tier `on_demand` on tokens per day (TPD): Limit 100000, Used 99309, Requested 879. Please try again in 2m42.432s. Need more tokens? Upgrade to Dev Tier today at https://console.groq.com/settings/billing', 'type': 'tokens', 'code': 'rate_limit_exceeded'}}"
dijstra.c,ERROR,ERROR,ERROR,ERROR,ERROR,"Error code: 429 - {'error': {'message': 'Rate limit reached for model `llama-3.3-70b-versatile` in organization `org_01kbpjphpvfns9z0cm9f44pjvq` service tier `on_demand` on tokens per day (TPD): Limit 100000, Used 99309, Requested 1398. Please try again in 10m10.848s. Need more tokens? Upgrade to Dev Tier today at https://console.groq.com/settings/billing', 'type': 'tokens', 'code': 'rate_limit_exceeded'}}"
dijstra_1.c,ERROR,ERROR,ERROR,ERROR,ERROR,"Error code: 429 - {'error': {'message': 'Rate limit reached for model `llama-3.3-70b-versatile` in organization `org_01kbpjphpvfns9z0cm9f44pjvq` service tier `on_demand` on tokens per day (TPD): Limit 100000, Used 99309, Requested 1386. Please try again in 10m0.48s. Need more tokens? Upgrade to Dev Tier today at https://console.groq.com/settings/billing', 'type': 'tokens', 'code': 'rate_limit_exceeded'}}"
empty.c,ERROR,ERROR,ERROR,ERROR,ERROR,"Error code: 429 - {'error': {'message': 'Rate limit reached for model `llama-3.3-70b-versatile` in organization `org_01kbpjphpvfns9z0cm9f44pjvq` service tier `on_demand` on tokens per day (TPD): Limit 100000, Used 99309, Requested 809. Please try again in 1m41.952s. Need more tokens? Upgrade to Dev Tier today at https://console.groq.com/settings/billing', 'type': 'tokens', 'code': 'rate_limit_exceeded'}}"
empty_1.c,ERROR,ERROR,ERROR,ERROR,ERROR,"Error code: 429 - {'error': {'message': 'Rate limit reached for model `llama-3.3-70b-versatile` in organization `org_01kbpjphpvfns9z0cm9f44pjvq` service tier `on_demand` on tokens per day (TPD): Limit 100000, Used 99309, Requested 821. Please try again in 1m52.32s. Need more tokens? Upgrade to Dev Tier today at https://console.groq.com/settings/billing', 'type': 'tokens', 'code': 'rate_limit_exceeded'}}"
factorial-recursion.c,ERROR,ERROR,ERROR,ERROR,ERROR,"Error code: 429 - {'error': {'message': 'Rate limit reached for model `llama-3.3-70b-versatile` in organization `org_01kbpjphpvfns9z0cm9f44pjvq` service tier `on_demand` on tokens per day (TPD): Limit 100000, Used 99309, Requested 894. Please try again in 2m55.392s. Need more tokens? Upgrade to Dev Tier today at https://console.groq.com/settings/billing', 'type': 'tokens', 'code': 'rate_limit_exceeded'}}"
factorial-recursion_1.c,ERROR,ERROR,ERROR,ERROR,ERROR,"Error code: 429 - {'error': {'message': 'Rate limit reached for model `llama-3.3-70b-versatile` in organization `org_01kbpjphpvfns9z0cm9f44pjvq` service tier `on_demand` on tokens per day (TPD): Limit 100000, Used 99308, Requested 912. Please try again in 3m10.08s. Need more tokens? Upgrade to Dev Tier today at https://console.groq.com/settings/billing', 'type': 'tokens', 'code': 'rate_limit_exceeded'}}"
factorialrecursion. c.c,ERROR,ERROR,ERROR,ERROR,ERROR,"Error code: 429 - {'error': {'message': 'Rate limit reached for model `llama-3.3-70b-versatile` in organization `org_01kbpjphpvfns9z0cm9f44pjvq` service tier `on_demand` on tokens per day (TPD): Limit 100000, Used 99308, Requested 910. Please try again in 3m8.352s. Need more tokens? Upgrade to Dev Tier today at https://console.groq.com/settings/billing', 'type': 'tokens', 'code': 'rate_limit_exceeded'}}"
factorialrecursion. c_1.c,ERROR,ERROR,ERROR,ERROR,ERROR,"Error code: 429 - {'error': {'message': 'Rate limit reached for model `llama-3.3-70b-versatile` in organization `org_01kbpjphpvfns9z0cm9f44pjvq` service tier `on_demand` on tokens per day (TPD): Limit 100000, Used 99308, Requested 904. Please try again in 3m3.168s. Need more tokens? Upgrade to Dev Tier today at https://console.groq.com/settings/billing', 'type': 'tokens', 'code': 'rate_limit_exceeded'}}"
fcfs1.c,ERROR,ERROR,ERROR,ERROR,ERROR,"Error code: 429 - {'error': {'message': 'Rate limit reached for model `llama-3.3-70b-versatile` in organization `org_01kbpjphpvfns9z0cm9f44pjvq` service tier `on_demand` on tokens per day (TPD): Limit 100000, Used 99308, Requested 1663. Please try again in 13m58.944s. Need more tokens? Upgrade to Dev Tier today at https://console.groq.com/settings/billing', 'type': 'tokens', 'code': 'rate_limit_exceeded'}}"
fcfs1_1.c,ERROR,ERROR,ERROR,ERROR,ERROR,"Error code: 429 - {'error': {'message': 'Rate limit reached for model `llama-3.3-70b-versatile` in organization `org_01kbpjphpvfns9z0cm9f44pjvq` service tier `on_demand` on tokens per day (TPD): Limit 100000, Used 99308, Requested 1681. Please try again in 14m14.496s. Need more tokens? Upgrade to Dev Tier today at https://console.groq.com/settings/billing', 'type': 'tokens', 'code': 'rate_limit_exceeded'}}"
file2.c,ERROR,ERROR,ERROR,ERROR,ERROR,"Error code: 429 - {'error': {'message': 'Rate limit reached for model `llama-3.3-70b-versatile` in organization `org_01kbpjphpvfns9z0cm9f44pjvq` service tier `on_demand` on tokens per day (TPD): Limit 100000, Used 99308, Requested 863. Please try again in 2m27.744s. Need more tokens? Upgrade to Dev Tier today at https://console.groq.com/settings/billing', 'type': 'tokens', 'code': 'rate_limit_exceeded'}}"
file2_1.c,ERROR,ERROR,ERROR,ERROR,ERROR,"Error code: 429 - {'error': {'message': 'Rate limit reached for model `llama-3.3-70b-versatile` in organization `org_01kbpjphpvfns9z0cm9f44pjvq` service tier `on_demand` on tokens per day (TPD): Limit 100000, Used 99308, Requested 863. Please try again in 2m27.744s. Need more tokens? Upgrade to Dev Tier today at https://console.groq.com/settings/billing', 'type': 'tokens', 'code': 'rate_limit_exceeded'}}"
finding duplicate number.c,ERROR,ERROR,ERROR,ERROR,ERROR,"Error code: 429 - {'error': {'message': 'Rate limit reached for model `llama-3.3-70b-versatile` in organization `org_01kbpjphpvfns9z0cm9f44pjvq` service tier `on_demand` on tokens per day (TPD): Limit 100000, Used 99308, Requested 925. Please try again in 3m21.312s. Need more tokens? Upgrade to Dev Tier today at https://console.groq.com/settings/billing', 'type': 'tokens', 'code': 'rate_limit_exceeded'}}"
finding duplicate number_1.c,ERROR,ERROR,ERROR,ERROR,ERROR,"Error code: 429 - {'error': {'message': 'Rate limit reached for model `llama-3.3-70b-versatile` in organization `org_01kbpjphpvfns9z0cm9f44pjvq` service tier `on_demand` on tokens per day (TPD): Limit 100000, Used 99308, Requested 925. Please try again in 3m21.312s. Need more tokens? Upgrade to Dev Tier today at https://console.groq.com/settings/billing', 'type': 'tokens', 'code': 'rate_limit_exceeded'}}"
first calender.c,ERROR,ERROR,ERROR,ERROR,ERROR,"Error code: 429 - {'error': {'message': 'Rate limit reached for model `llama-3.3-70b-versatile` in organization `org_01kbpjphpvfns9z0cm9f44pjvq` service tier `on_demand` on tokens per day (TPD): Limit 100000, Used 99307, Requested 2109. Please try again in 20m23.424s. Need more tokens? Upgrade to Dev Tier today at https://console.groq.com/settings/billing', 'type': 'tokens', 'code': 'rate_limit_exceeded'}}"
first calender_1.c,ERROR,ERROR,ERROR,ERROR,ERROR,"Error code: 429 - {'error': {'message': 'Rate limit reached for model `llama-3.3-70b-versatile` in organization `org_01kbpjphpvfns9z0cm9f44pjvq` service tier `on_demand` on tokens per day (TPD): Limit 100000, Used 99307, Requested 2097. Please try again in 20m13.056s. Need more tokens? Upgrade to Dev Tier today at https://console.groq.com/settings/billing', 'type': 'tokens', 'code': 'rate_limit_exceeded'}}"
Fractional_Knapsack.c,ERROR,ERROR,ERROR,ERROR,ERROR,"Error code: 429 - {'error': {'message': 'Rate limit reached for model `llama-3.3-70b-versatile` in organization `org_01kbpjphpvfns9z0cm9f44pjvq` service tier `on_demand` on tokens per day (TPD): Limit 100000, Used 99307, Requested 1183. Please try again in 7m3.36s. Need more tokens? Upgrade to Dev Tier today at https://console.groq.com/settings/billing', 'type': 'tokens', 'code': 'rate_limit_exceeded'}}"
Fractional_Knapsack_1.c,ERROR,ERROR,ERROR,ERROR,ERROR,"Error code: 429 - {'error': {'message': 'Rate limit reached for model `llama-3.3-70b-versatile` in organization `org_01kbpjphpvfns9z0cm9f44pjvq` service tier `on_demand` on tokens per day (TPD): Limit 100000, Used 99307, Requested 1177. Please try again in 6m58.176s. Need more tokens? Upgrade to Dev Tier today at https://console.groq.com/settings/billing', 'type': 'tokens', 'code': 'rate_limit_exceeded'}}"
function orderlist. c.c,ERROR,ERROR,ERROR,ERROR,ERROR,"Error code: 429 - {'error': {'message': 'Rate limit reached for model `llama-3.3-70b-versatile` in organization `org_01kbpjphpvfns9z0cm9f44pjvq` service tier `on_demand` on tokens per day (TPD): Limit 100000, Used 99307, Requested 3027. Please try again in 33m36.576s. Need more tokens? Upgrade to Dev Tier today at https://console.groq.com/settings/billing', 'type': 'tokens', 'code': 'rate_limit_exceeded'}}"
function orderlist. c_1.c,ERROR,ERROR,ERROR,ERROR,ERROR,"Error code: 429 - {'error': {'message': 'Rate limit reached for model `llama-3.3-70b-versatile` in organization `org_01kbpjphpvfns9z0cm9f44pjvq` service tier `on_demand` on tokens per day (TPD): Limit 100000, Used 99307, Requested 3009. Please try again in 33m21.024s. Need more tokens? Upgrade to Dev Tier today at https://console.groq.com/settings/billing', 'type': 'tokens', 'code': 'rate_limit_exceeded'}}"
function-multiplication_.c,ERROR,ERROR,ERROR,ERROR,ERROR,"Error code: 429 - {'error': {'message': 'Rate limit reached for model `llama-3.3-70b-versatile` in organization `org_01kbpjphpvfns9z0cm9f44pjvq` service tier `on_demand` on tokens per day (TPD): Limit 100000, Used 99307, Requested 899. Please try again in 2m57.984s. Need more tokens? Upgrade to Dev Tier today at https://console.groq.com/settings/billing', 'type': 'tokens', 'code': 'rate_limit_exceeded'}}"
function-multiplication__1.c,ERROR,ERROR,ERROR,ERROR,ERROR,"Error code: 429 - {'error': {'message': 'Rate limit reached for model `llama-3.3-70b-versatile` in organization `org_01kbpjphpvfns9z0cm9f44pjvq` service tier `on_demand` on tokens per day (TPD): Limit 100000, Used 99306, Requested 899. Please try again in 2m57.12s. Need more tokens? Upgrade to Dev Tier today at https://console.groq.com/settings/billing', 'type': 'tokens', 'code': 'rate_limit_exceeded'}}"
gags.c,ERROR,ERROR,ERROR,ERROR,ERROR,"Error code: 429 - {'error': {'message': 'Rate limit reached for model `llama-3.3-70b-versatile` in organization `org_01kbpjphpvfns9z0cm9f44pjvq` service tier `on_demand` on tokens per day (TPD): Limit 100000, Used 99306, Requested 1177. Please try again in 6m57.312s. Need more tokens? Upgrade to Dev Tier today at https://console.groq.com/settings/billing', 'type': 'tokens', 'code': 'rate_limit_exceeded'}}"
gags_1.c,ERROR,ERROR,ERROR,ERROR,ERROR,"Error code: 429 - {'error': {'message': 'Rate limit reached for model `llama-3.3-70b-versatile` in organization `org_01kbpjphpvfns9z0cm9f44pjvq` service tier `on_demand` on tokens per day (TPD): Limit 100000, Used 99306, Requested 1183. Please try again in 7m2.496s. Need more tokens? Upgrade to Dev Tier today at https://console.groq.com/settings/billing', 'type': 'tokens', 'code': 'rate_limit_exceeded'}}"
gcd recursion.c,ERROR,ERROR,ERROR,ERROR,ERROR,"Error code: 429 - {'error': {'message': 'Rate limit reached for model `llama-3.3-70b-versatile` in organization `org_01kbpjphpvfns9z0cm9f44pjvq` service tier `on_demand` on tokens per day (TPD): Limit 100000, Used 99306, Requested 929. Please try again in 3m23.04s. Need more tokens? Upgrade to Dev Tier today at https://console.groq.com/settings/billing', 'type': 'tokens', 'code': 'rate_limit_exceeded'}}"
gcd recursion_1.c,ERROR,ERROR,ERROR,ERROR,ERROR,"Error code: 429 - {'error': {'message': 'Rate limit reached for model `llama-3.3-70b-versatile` in organization `org_01kbpjphpvfns9z0cm9f44pjvq` service tier `on_demand` on tokens per day (TPD): Limit 100000, Used 99306, Requested 929. Please try again in 3m23.04s. Need more tokens? Upgrade to Dev Tier today at https://console.groq.com/settings/billing', 'type': 'tokens', 'code': 'rate_limit_exceeded'}}"
grains_problem.c,ERROR,ERROR,ERROR,ERROR,ERROR,"Error code: 429 - {'error': {'message': 'Rate limit reached for model `llama-3.3-70b-versatile` in organization `org_01kbpjphpvfns9z0cm9f44pjvq` service tier `on_demand` on tokens per day (TPD): Limit 100000, Used 99306, Requested 931. Please try again in 3m24.768s. Need more tokens? Upgrade to Dev Tier today at https://console.groq.com/settings/billing', 'type': 'tokens', 'code': 'rate_limit_exceeded'}}"
grains_problem_1.c,ERROR,ERROR,ERROR,ERROR,ERROR,"Error code: 429 - {'error': {'message': 'Rate limit reached for model `llama-3.3-70b-versatile` in organization `org_01kbpjphpvfns9z0cm9f44pjvq` service tier `on_demand` on tokens per day (TPD): Limit 100000, Used 99306, Requested 925. Please try again in 3m19.584s. Need more tokens? Upgrade to Dev Tier today at https://console.groq.com/settings/billing', 'type': 'tokens', 'code': 'rate_limit_exceeded'}}"
h10 (1).c,ERROR,ERROR,ERROR,ERROR,ERROR,"Error code: 429 - {'error': {'message': 'Rate limit reached for model `llama-3.3-70b-versatile` in organization `org_01kbpjphpvfns9z0cm9f44pjvq` service tier `on_demand` on tokens per day (TPD): Limit 100000, Used 99305, Requested 979. Please try again in 4m5.376s. Need more tokens? Upgrade to Dev Tier today at https://console.groq.com/settings/billing', 'type': 'tokens', 'code': 'rate_limit_exceeded'}}"
h10 (1)_1.c,ERROR,ERROR,ERROR,ERROR,ERROR,"Error code: 429 - {'error': {'message': 'Rate limit reached for model `llama-3.3-70b-versatile` in organization `org_01kbpjphpvfns9z0cm9f44pjvq` service tier `on_demand` on tokens per day (TPD): Limit 100000, Used 99305, Requested 973. Please try again in 4m0.191999999s. Need more tokens? Upgrade to Dev Tier today at https://console.groq.com/settings/billing', 'type': 'tokens', 'code': 'rate_limit_exceeded'}}"
h10.c,ERROR,ERROR,ERROR,ERROR,ERROR,"Error code: 429 - {'error': {'message': 'Rate limit reached for model `llama-3.3-70b-versatile` in organization `org_01kbpjphpvfns9z0cm9f44pjvq` service tier `on_demand` on tokens per day (TPD): Limit 100000, Used 99305, Requested 969. Please try again in 3m56.736s. Need more tokens? Upgrade to Dev Tier today at https://console.groq.com/settings/billing', 'type': 'tokens', 'code': 'rate_limit_exceeded'}}"
h10_1.c,ERROR,ERROR,ERROR,ERROR,ERROR,"Error code: 429 - {'error': {'message': 'Rate limit reached for model `llama-3.3-70b-versatile` in organization `org_01kbpjphpvfns9z0cm9f44pjvq` service tier `on_demand` on tokens per day (TPD): Limit 100000, Used 99305, Requested 969. Please try again in 3m56.736s. Need more tokens? Upgrade to Dev Tier today at https://console.groq.com/settings/billing', 'type': 'tokens', 'code': 'rate_limit_exceeded'}}"
h14.c,ERROR,ERROR,ERROR,ERROR,ERROR,"Error code: 429 - {'error': {'message': 'Rate limit reached for model `llama-3.3-70b-versatile` in organization `org_01kbpjphpvfns9z0cm9f44pjvq` service tier `on_demand` on tokens per day (TPD): Limit 100000, Used 99305, Requested 915. Please try again in 3m10.08s. Need more tokens? Upgrade to Dev Tier today at https://console.groq.com/settings/billing', 'type': 'tokens', 'code': 'rate_limit_exceeded'}}"
h14_1.c,ERROR,ERROR,ERROR,ERROR,ERROR,"Error code: 429 - {'error': {'message': 'Rate limit reached for model `llama-3.3-70b-versatile` in organization `org_01kbpjphpvfns9z0cm9f44pjvq` service tier `on_demand` on tokens per day (TPD): Limit 100000, Used 99305, Requested 903. Please try again in 2m59.712s. Need more tokens? Upgrade to Dev Tier today at https://console.groq.com/settings/billing', 'type': 'tokens', 'code': 'rate_limit_exceeded'}}"
h9.c,ERROR,ERROR,ERROR,ERROR,ERROR,"Error code: 429 - {'error': {'message': 'Rate limit reached for model `llama-3.3-70b-versatile` in organization `org_01kbpjphpvfns9z0cm9f44pjvq` service tier `on_demand` on tokens per day (TPD): Limit 100000, Used 99305, Requested 925. Please try again in 3m18.72s. Need more tokens? Upgrade to Dev Tier today at https://console.groq.com/settings/billing', 'type': 'tokens', 'code': 'rate_limit_exceeded'}}"
h9_1.c,ERROR,ERROR,ERROR,ERROR,ERROR,"Error code: 429 - {'error': {'message': 'Rate limit reached for model `llama-3.3-70b-versatile` in organization `org_01kbpjphpvfns9z0cm9f44pjvq` service tier `on_demand` on tokens per day (TPD): Limit 100000, Used 99305, Requested 925. Please try again in 3m18.72s. Need more tokens? Upgrade to Dev Tier today at https://console.groq.com/settings/billing', 'type': 'tokens', 'code': 'rate_limit_exceeded'}}"
hackerrank 3 or 5.c,ERROR,ERROR,ERROR,ERROR,ERROR,"Error code: 429 - {'error': {'message': 'Rate limit reached for model `llama-3.3-70b-versatile` in organization `org_01kbpjphpvfns9z0cm9f44pjvq` service tier `on_demand` on tokens per day (TPD): Limit 100000, Used 99304, Requested 908. Please try again in 3m3.168s. Need more tokens? Upgrade to Dev Tier today at https://console.groq.com/settings/billing', 'type': 'tokens', 'code': 'rate_limit_exceeded'}}"
hackerrank 3 or 5_1.c,ERROR,ERROR,ERROR,ERROR,ERROR,"Error code: 429 - {'error': {'message': 'Rate limit reached for model `llama-3.3-70b-versatile` in organization `org_01kbpjphpvfns9z0cm9f44pjvq` service tier `on_demand` on tokens per day (TPD): Limit 100000, Used 99304, Requested 926. Please try again in 3m18.72s. Need more tokens? Upgrade to Dev Tier today at https://console.groq.com/settings/billing', 'type': 'tokens', 'code': 'rate_limit_exceeded'}}"
haha. c (1).c,ERROR,ERROR,ERROR,ERROR,ERROR,"Error code: 429 - {'error': {'message': 'Rate limit reached for model `llama-3.3-70b-versatile` in organization `org_01kbpjphpvfns9z0cm9f44pjvq` service tier `on_demand` on tokens per day (TPD): Limit 100000, Used 99304, Requested 1256. Please try again in 8m3.84s. Need more tokens? Upgrade to Dev Tier today at https://console.groq.com/settings/billing', 'type': 'tokens', 'code': 'rate_limit_exceeded'}}"
haha. c (1)_1.c,ERROR,ERROR,ERROR,ERROR,ERROR,"Error code: 429 - {'error': {'message': 'Rate limit reached for model `llama-3.3-70b-versatile` in organization `org_01kbpjphpvfns9z0cm9f44pjvq` service tier `on_demand` on tokens per day (TPD): Limit 100000, Used 99304, Requested 1262. Please try again in 8m9.024s. Need more tokens? Upgrade to Dev Tier today at https://console.groq.com/settings/billing', 'type': 'tokens', 'code': 'rate_limit_exceeded'}}"
haha. c.c,ERROR,ERROR,ERROR,ERROR,ERROR,"Error code: 429 - {'error': {'message': 'Rate limit reached for model `llama-3.3-70b-versatile` in organization `org_01kbpjphpvfns9z0cm9f44pjvq` service tier `on_demand` on tokens per day (TPD): Limit 100000, Used 99304, Requested 1298. Please try again in 8m40.128s. Need more tokens? Upgrade to Dev Tier today at https://console.groq.com/settings/billing', 'type': 'tokens', 'code': 'rate_limit_exceeded'}}"
haha. c_1.c,ERROR,ERROR,ERROR,ERROR,ERROR,"Error code: 429 - {'error': {'message': 'Rate limit reached for model `llama-3.3-70b-versatile` in organization `org_01kbpjphpvfns9z0cm9f44pjvq` service tier `on_demand` on tokens per day (TPD): Limit 100000, Used 99304, Requested 1298. Please try again in 8m40.128s. Need more tokens? Upgrade to Dev Tier today at https://console.groq.com/settings/billing', 'type': 'tokens', 'code': 'rate_limit_exceeded'}}"
hahshs.c,ERROR,ERROR,ERROR,ERROR,ERROR,"Error code: 429 - {'error': {'message': 'Rate limit reached for model `llama-3.3-70b-versatile` in organization `org_01kbpjphpvfns9z0cm9f44pjvq` service tier `on_demand` on tokens per day (TPD): Limit 100000, Used 99304, Requested 2237. Please try again in 22m11.424s. Need more tokens? Upgrade to Dev Tier today at https://console.groq.com/settings/billing', 'type': 'tokens', 'code': 'rate_limit_exceeded'}}"
hahshs_1.c,ERROR,ERROR,ERROR,ERROR,ERROR,"Error code: 429 - {'error': {'message': 'Rate limit reached for model `llama-3.3-70b-versatile` in organization `org_01kbpjphpvfns9z0cm9f44pjvq` service tier `on_demand` on tokens per day (TPD): Limit 100000, Used 99303, Requested 2237. Please try again in 22m10.56s. Need more tokens? Upgrade to Dev Tier today at https://console.groq.com/settings/billing', 'type': 'tokens', 'code': 'rate_limit_exceeded'}}"
Harsha Calendar Project.c,ERROR,ERROR,ERROR,ERROR,ERROR,"Error code: 429 - {'error': {'message': 'Rate limit reached for model `llama-3.3-70b-versatile` in organization `org_01kbpjphpvfns9z0cm9f44pjvq` service tier `on_demand` on tokens per day (TPD): Limit 100000, Used 99303, Requested 2348. Please try again in 23m46.464s. Need more tokens? Upgrade to Dev Tier today at https://console.groq.com/settings/billing', 'type': 'tokens', 'code': 'rate_limit_exceeded'}}"
Harsha Calendar Project_1.c,ERROR,ERROR,ERROR,ERROR,ERROR,"Error code: 429 - {'error': {'message': 'Rate limit reached for model `llama-3.3-70b-versatile` in organization `org_01kbpjphpvfns9z0cm9f44pjvq` service tier `on_demand` on tokens per day (TPD): Limit 100000, Used 99303, Requested 2336. Please try again in 23m36.095999999s. Need more tokens? Upgrade to Dev Tier today at https://console.groq.com/settings/billing', 'type': 'tokens', 'code': 'rate_limit_exceeded'}}"
Harsha Project Calendar. c.c,ERROR,ERROR,ERROR,ERROR,ERROR,"Error code: 429 - {'error': {'message': 'Rate limit reached for model `llama-3.3-70b-versatile` in organization `org_01kbpjphpvfns9z0cm9f44pjvq` service tier `on_demand` on tokens per day (TPD): Limit 100000, Used 99303, Requested 2348. Please try again in 23m46.464s. Need more tokens? Upgrade to Dev Tier today at https://console.groq.com/settings/billing', 'type': 'tokens', 'code': 'rate_limit_exceeded'}}"
Harsha Project Calendar. c_1.c,ERROR,ERROR,ERROR,ERROR,ERROR,"Error code: 429 - {'error': {'message': 'Rate limit reached for model `llama-3.3-70b-versatile` in organization `org_01kbpjphpvfns9z0cm9f44pjvq` service tier `on_demand` on tokens per day (TPD): Limit 100000, Used 99303, Requested 2336. Please try again in 23m36.095999999s. Need more tokens? Upgrade to Dev Tier today at https://console.groq.com/settings/billing', 'type': 'tokens', 'code': 'rate_limit_exceeded'}}"
harsha. c.c,ERROR,ERROR,ERROR,ERROR,ERROR,"Error code: 429 - {'error': {'message': 'Rate limit reached for model `llama-3.3-70b-versatile` in organization `org_01kbpjphpvfns9z0cm9f44pjvq` service tier `on_demand` on tokens per day (TPD): Limit 100000, Used 99303, Requested 1250. Please try again in 7m57.792s. Need more tokens? Upgrade to Dev Tier today at https://console.groq.com/settings/billing', 'type': 'tokens', 'code': 'rate_limit_exceeded'}}"
harsha. c_1.c,ERROR,ERROR,ERROR,ERROR,ERROR,"Error code: 429 - {'error': {'message': 'Rate limit reached for model `llama-3.3-70b-versatile` in organization `org_01kbpjphpvfns9z0cm9f44pjvq` service tier `on_demand` on tokens per day (TPD): Limit 100000, Used 99303, Requested 1244. Please try again in 7m52.608s. Need more tokens? Upgrade to Dev Tier today at https://console.groq.com/settings/billing', 'type': 'tokens', 'code': 'rate_limit_exceeded'}}"
hello.c,ERROR,ERROR,ERROR,ERROR,ERROR,"Error code: 429 - {'error': {'message': 'Rate limit reached for model `llama-3.3-70b-versatile` in organization `org_01kbpjphpvfns9z0cm9f44pjvq` service tier `on_demand` on tokens per day (TPD): Limit 100000, Used 99302, Requested 878. Please try again in 2m35.519999999s. Need more tokens? Upgrade to Dev Tier today at https://console.groq.com/settings/billing', 'type': 'tokens', 'code': 'rate_limit_exceeded'}}"
Helloworld.c,ERROR,ERROR,ERROR,ERROR,ERROR,"Error code: 429 - {'error': {'message': 'Rate limit reached for model `llama-3.3-70b-versatile` in organization `org_01kbpjphpvfns9z0cm9f44pjvq` service tier `on_demand` on tokens per day (TPD): Limit 100000, Used 99302, Requested 847. Please try again in 2m8.735999999s. Need more tokens? Upgrade to Dev Tier today at https://console.groq.com/settings/billing', 'type': 'tokens', 'code': 'rate_limit_exceeded'}}"
Helloworld_1.c,ERROR,ERROR,ERROR,ERROR,ERROR,"Error code: 429 - {'error': {'message': 'Rate limit reached for model `llama-3.3-70b-versatile` in organization `org_01kbpjphpvfns9z0cm9f44pjvq` service tier `on_demand` on tokens per day (TPD): Limit 100000, Used 99302, Requested 841. Please try again in 2m3.552s. Need more tokens? Upgrade to Dev Tier today at https://console.groq.com/settings/billing', 'type': 'tokens', 'code': 'rate_limit_exceeded'}}"
hello_1.c,ERROR,ERROR,ERROR,ERROR,ERROR,"Error code: 429 - {'error': {'message': 'Rate limit reached for model `llama-3.3-70b-versatile` in organization `org_01kbpjphpvfns9z0cm9f44pjvq` service tier `on_demand` on tokens per day (TPD): Limit 100000, Used 99302, Requested 860. Please try again in 2m19.968s. Need more tokens? Upgrade to Dev Tier today at https://console.groq.com/settings/billing', 'type': 'tokens', 'code': 'rate_limit_exceeded'}}"
hshsh. c.c,ERROR,ERROR,ERROR,ERROR,ERROR,"Error code: 429 - {'error': {'message': 'Rate limit reached for model `llama-3.3-70b-versatile` in organization `org_01kbpjphpvfns9z0cm9f44pjvq` service tier `on_demand` on tokens per day (TPD): Limit 100000, Used 99302, Requested 2978. Please try again in 32m49.92s. Need more tokens? Upgrade to Dev Tier today at https://console.groq.com/settings/billing', 'type': 'tokens', 'code': 'rate_limit_exceeded'}}"
hshsh. c_1.c,ERROR,ERROR,ERROR,ERROR,ERROR,"Error code: 429 - {'error': {'message': 'Rate limit reached for model `llama-3.3-70b-versatile` in organization `org_01kbpjphpvfns9z0cm9f44pjvq` service tier `on_demand` on tokens per day (TPD): Limit 100000, Used 99302, Requested 2978. Please try again in 32m49.92s. Need more tokens? Upgrade to Dev Tier today at https://console.groq.com/settings/billing', 'type': 'tokens', 'code': 'rate_limit_exceeded'}}"
infinity.c,ERROR,ERROR,ERROR,ERROR,ERROR,"Error code: 429 - {'error': {'message': 'Rate limit reached for model `llama-3.3-70b-versatile` in organization `org_01kbpjphpvfns9z0cm9f44pjvq` service tier `on_demand` on tokens per day (TPD): Limit 100000, Used 99302, Requested 852. Please try again in 2m13.055999999s. Need more tokens? Upgrade to Dev Tier today at https://console.groq.com/settings/billing', 'type': 'tokens', 'code': 'rate_limit_exceeded'}}"
infinity_1.c,ERROR,ERROR,ERROR,ERROR,ERROR,"Error code: 429 - {'error': {'message': 'Rate limit reached for model `llama-3.3-70b-versatile` in organization `org_01kbpjphpvfns9z0cm9f44pjvq` service tier `on_demand` on tokens per day (TPD): Limit 100000, Used 99302, Requested 846. Please try again in 2m7.872s. Need more tokens? Upgrade to Dev Tier today at https://console.groq.com/settings/billing', 'type': 'tokens', 'code': 'rate_limit_exceeded'}}"
inputstring.c,ERROR,ERROR,ERROR,ERROR,ERROR,"Error code: 429 - {'error': {'message': 'Rate limit reached for model `llama-3.3-70b-versatile` in organization `org_01kbpjphpvfns9z0cm9f44pjvq` service tier `on_demand` on tokens per day (TPD): Limit 100000, Used 99301, Requested 844. Please try again in 2m5.279999999s. Need more tokens? Upgrade to Dev Tier today at https://console.groq.com/settings/billing', 'type': 'tokens', 'code': 'rate_limit_exceeded'}}"
inputstring_1.c,ERROR,ERROR,ERROR,ERROR,ERROR,"Error code: 429 - {'error': {'message': 'Rate limit reached for model `llama-3.3-70b-versatile` in organization `org_01kbpjphpvfns9z0cm9f44pjvq` service tier `on_demand` on tokens per day (TPD): Limit 100000, Used 99301, Requested 844. Please try again in 2m5.279999999s. Need more tokens? Upgrade to Dev Tier today at https://console.groq.com/settings/billing', 'type': 'tokens', 'code': 'rate_limit_exceeded'}}"
kruskal.c,ERROR,ERROR,ERROR,ERROR,ERROR,"Error code: 429 - {'error': {'message': 'Rate limit reached for model `llama-3.3-70b-versatile` in organization `org_01kbpjphpvfns9z0cm9f44pjvq` service tier `on_demand` on tokens per day (TPD): Limit 100000, Used 99301, Requested 1295. Please try again in 8m34.943999999s. Need more tokens? Upgrade to Dev Tier today at https://console.groq.com/settings/billing', 'type': 'tokens', 'code': 'rate_limit_exceeded'}}"
kruskal_1.c,ERROR,ERROR,ERROR,ERROR,ERROR,"Error code: 429 - {'error': {'message': 'Rate limit reached for model `llama-3.3-70b-versatile` in organization `org_01kbpjphpvfns9z0cm9f44pjvq` service tier `on_demand` on tokens per day (TPD): Limit 100000, Used 99301, Requested 1295. Please try again in 8m34.943999999s. Need more tokens? Upgrade to Dev Tier today at https://console.groq.com/settings/billing', 'type': 'tokens', 'code': 'rate_limit_exceeded'}}"
last. c.c,ERROR,ERROR,ERROR,ERROR,ERROR,"Error code: 429 - {'error': {'message': 'Rate limit reached for model `llama-3.3-70b-versatile` in organization `org_01kbpjphpvfns9z0cm9f44pjvq` service tier `on_demand` on tokens per day (TPD): Limit 100000, Used 99301, Requested 1156. Please try again in 6m34.848s. Need more tokens? Upgrade to Dev Tier today at https://console.groq.com/settings/billing', 'type': 'tokens', 'code': 'rate_limit_exceeded'}}"
last. c_1.c,ERROR,ERROR,ERROR,ERROR,ERROR,"Error code: 429 - {'error': {'message': 'Rate limit reached for model `llama-3.3-70b-versatile` in organization `org_01kbpjphpvfns9z0cm9f44pjvq` service tier `on_demand` on tokens per day (TPD): Limit 100000, Used 99301, Requested 1162. Please try again in 6m40.032s. Need more tokens? Upgrade to Dev Tier today at https://console.groq.com/settings/billing', 'type': 'tokens', 'code': 'rate_limit_exceeded'}}"
lcm. c.c,ERROR,ERROR,ERROR,ERROR,ERROR,"Error code: 429 - {'error': {'message': 'Rate limit reached for model `llama-3.3-70b-versatile` in organization `org_01kbpjphpvfns9z0cm9f44pjvq` service tier `on_demand` on tokens per day (TPD): Limit 100000, Used 99301, Requested 968. Please try again in 3m52.416s. Need more tokens? Upgrade to Dev Tier today at https://console.groq.com/settings/billing', 'type': 'tokens', 'code': 'rate_limit_exceeded'}}"
lcm. c_1.c,ERROR,ERROR,ERROR,ERROR,ERROR,"Error code: 429 - {'error': {'message': 'Rate limit reached for model `llama-3.3-70b-versatile` in organization `org_01kbpjphpvfns9z0cm9f44pjvq` service tier `on_demand` on tokens per day (TPD): Limit 100000, Used 99300, Requested 974. Please try again in 3m56.736s. Need more tokens? Upgrade to Dev Tier today at https://console.groq.com/settings/billing', 'type': 'tokens', 'code': 'rate_limit_exceeded'}}"
Linked list project1.c,ERROR,ERROR,ERROR,ERROR,ERROR,"Error code: 429 - {'error': {'message': 'Rate limit reached for model `llama-3.3-70b-versatile` in organization `org_01kbpjphpvfns9z0cm9f44pjvq` service tier `on_demand` on tokens per day (TPD): Limit 100000, Used 99300, Requested 1884. Please try again in 17m2.976s. Need more tokens? Upgrade to Dev Tier today at https://console.groq.com/settings/billing', 'type': 'tokens', 'code': 'rate_limit_exceeded'}}"
Linked list project1_1.c,ERROR,ERROR,ERROR,ERROR,ERROR,"Error code: 429 - {'error': {'message': 'Rate limit reached for model `llama-3.3-70b-versatile` in organization `org_01kbpjphpvfns9z0cm9f44pjvq` service tier `on_demand` on tokens per day (TPD): Limit 100000, Used 99300, Requested 1896. Please try again in 17m13.344s. Need more tokens? Upgrade to Dev Tier today at https://console.groq.com/settings/billing', 'type': 'tokens', 'code': 'rate_limit_exceeded'}}"
ll.c,ERROR,ERROR,ERROR,ERROR,ERROR,"Error code: 429 - {'error': {'message': 'Rate limit reached for model `llama-3.3-70b-versatile` in organization `org_01kbpjphpvfns9z0cm9f44pjvq` service tier `on_demand` on tokens per day (TPD): Limit 100000, Used 99300, Requested 1236. Please try again in 7m43.104s. Need more tokens? Upgrade to Dev Tier today at https://console.groq.com/settings/billing', 'type': 'tokens', 'code': 'rate_limit_exceeded'}}"
ll_1.c,ERROR,ERROR,ERROR,ERROR,ERROR,"Error code: 429 - {'error': {'message': 'Rate limit reached for model `llama-3.3-70b-versatile` in organization `org_01kbpjphpvfns9z0cm9f44pjvq` service tier `on_demand` on tokens per day (TPD): Limit 100000, Used 99300, Requested 1230. Please try again in 7m37.92s. Need more tokens? Upgrade to Dev Tier today at https://console.groq.com/settings/billing', 'type': 'tokens', 'code': 'rate_limit_exceeded'}}"
main (1).c,ERROR,ERROR,ERROR,ERROR,ERROR,"Error code: 429 - {'error': {'message': 'Rate limit reached for model `llama-3.3-70b-versatile` in organization `org_01kbpjphpvfns9z0cm9f44pjvq` service tier `on_demand` on tokens per day (TPD): Limit 100000, Used 99300, Requested 1108. Please try again in 5m52.512s. Need more tokens? Upgrade to Dev Tier today at https://console.groq.com/settings/billing', 'type': 'tokens', 'code': 'rate_limit_exceeded'}}"
main (1)_1.c,ERROR,ERROR,ERROR,ERROR,ERROR,"Error code: 429 - {'error': {'message': 'Rate limit reached for model `llama-3.3-70b-versatile` in organization `org_01kbpjphpvfns9z0cm9f44pjvq` service tier `on_demand` on tokens per day (TPD): Limit 100000, Used 99300, Requested 1126. Please try again in 6m8.063999999s. Need more tokens? Upgrade to Dev Tier today at https://console.groq.com/settings/billing', 'type': 'tokens', 'code': 'rate_limit_exceeded'}}"
main (2).c,ERROR,ERROR,ERROR,ERROR,ERROR,"Error code: 429 - {'error': {'message': 'Rate limit reached for model `llama-3.3-70b-versatile` in organization `org_01kbpjphpvfns9z0cm9f44pjvq` service tier `on_demand` on tokens per day (TPD): Limit 100000, Used 99299, Requested 1272. Please try again in 8m13.344s. Need more tokens? Upgrade to Dev Tier today at https://console.groq.com/settings/billing', 'type': 'tokens', 'code': 'rate_limit_exceeded'}}"
main (2)_1.c,ERROR,ERROR,ERROR,ERROR,ERROR,"Error code: 429 - {'error': {'message': 'Rate limit reached for model `llama-3.3-70b-versatile` in organization `org_01kbpjphpvfns9z0cm9f44pjvq` service tier `on_demand` on tokens per day (TPD): Limit 100000, Used 99299, Requested 1278. Please try again in 8m18.528s. Need more tokens? Upgrade to Dev Tier today at https://console.groq.com/settings/billing', 'type': 'tokens', 'code': 'rate_limit_exceeded'}}"
main (3).c,ERROR,ERROR,ERROR,ERROR,ERROR,"Error code: 429 - {'error': {'message': 'Rate limit reached for model `llama-3.3-70b-versatile` in organization `org_01kbpjphpvfns9z0cm9f44pjvq` service tier `on_demand` on tokens per day (TPD): Limit 100000, Used 99299, Requested 1268. Please try again in 8m9.888s. Need more tokens? Upgrade to Dev Tier today at https://console.groq.com/settings/billing', 'type': 'tokens', 'code': 'rate_limit_exceeded'}}"
main (3)_1.c,ERROR,ERROR,ERROR,ERROR,ERROR,"Error code: 429 - {'error': {'message': 'Rate limit reached for model `llama-3.3-70b-versatile` in organization `org_01kbpjphpvfns9z0cm9f44pjvq` service tier `on_demand` on tokens per day (TPD): Limit 100000, Used 99299, Requested 1262. Please try again in 8m4.704s. Need more tokens? Upgrade to Dev Tier today at https://console.groq.com/settings/billing', 'type': 'tokens', 'code': 'rate_limit_exceeded'}}"
main (4).c,ERROR,ERROR,ERROR,ERROR,ERROR,"Error code: 429 - {'error': {'message': 'Rate limit reached for model `llama-3.3-70b-versatile` in organization `org_01kbpjphpvfns9z0cm9f44pjvq` service tier `on_demand` on tokens per day (TPD): Limit 100000, Used 99299, Requested 1127. Please try again in 6m8.063999999s. Need more tokens? Upgrade to Dev Tier today at https://console.groq.com/settings/billing', 'type': 'tokens', 'code': 'rate_limit_exceeded'}}"
main (4)_1.c,ERROR,ERROR,ERROR,ERROR,ERROR,"Error code: 429 - {'error': {'message': 'Rate limit reached for model `llama-3.3-70b-versatile` in organization `org_01kbpjphpvfns9z0cm9f44pjvq` service tier `on_demand` on tokens per day (TPD): Limit 100000, Used 99299, Requested 1127. Please try again in 6m8.063999999s. Need more tokens? Upgrade to Dev Tier today at https://console.groq.com/settings/billing', 'type': 'tokens', 'code': 'rate_limit_exceeded'}}"
main (5).c,ERROR,ERROR,ERROR,ERROR,ERROR,"Error code: 429 - {'error': {'message': 'Rate limit reached for model `llama-3.3-70b-versatile` in organization `org_01kbpjphpvfns9z0cm9f44pjvq` service tier `on_demand` on tokens per day (TPD): Limit 100000, Used 99299, Requested 1126. Please try again in 6m7.2s. Need more tokens? Upgrade to Dev Tier today at https://console.groq.com/settings/billing', 'type': 'tokens', 'code': 'rate_limit_exceeded'}}"
main (5)_1.c,ERROR,ERROR,ERROR,ERROR,ERROR,"Error code: 429 - {'error': {'message': 'Rate limit reached for model `llama-3.3-70b-versatile` in organization `org_01kbpjphpvfns9z0cm9f44pjvq` service tier `on_demand` on tokens per day (TPD): Limit 100000, Used 99299, Requested 1126. Please try again in 6m7.2s. Need more tokens? Upgrade to Dev Tier today at https://console.groq.com/settings/billing', 'type': 'tokens', 'code': 'rate_limit_exceeded'}}"
main (6).c,ERROR,ERROR,ERROR,ERROR,ERROR,"Error code: 429 - {'error': {'message': 'Rate limit reached for model `llama-3.3-70b-versatile` in organization `org_01kbpjphpvfns9z0cm9f44pjvq` service tier `on_demand` on tokens per day (TPD): Limit 100000, Used 99298, Requested 1038. Please try again in 4m50.304s. Need more tokens? Upgrade to Dev Tier today at https://console.groq.com/settings/billing', 'type': 'tokens', 'code': 'rate_limit_exceeded'}}"
main (6)_1.c,ERROR,ERROR,ERROR,ERROR,ERROR,"Error code: 429 - {'error': {'message': 'Rate limit reached for model `llama-3.3-70b-versatile` in organization `org_01kbpjphpvfns9z0cm9f44pjvq` service tier `on_demand` on tokens per day (TPD): Limit 100000, Used 99298, Requested 1276. Please try again in 8m15.936s. Need more tokens? Upgrade to Dev Tier today at https://console.groq.com/settings/billing', 'type': 'tokens', 'code': 'rate_limit_exceeded'}}"
main (6)_1_1.c,ERROR,ERROR,ERROR,ERROR,ERROR,"Error code: 429 - {'error': {'message': 'Rate limit reached for model `llama-3.3-70b-versatile` in organization `org_01kbpjphpvfns9z0cm9f44pjvq` service tier `on_demand` on tokens per day (TPD): Limit 100000, Used 99298, Requested 1288. Please try again in 8m26.304s. Need more tokens? Upgrade to Dev Tier today at https://console.groq.com/settings/billing', 'type': 'tokens', 'code': 'rate_limit_exceeded'}}"
main (6)_2.c,ERROR,ERROR,ERROR,ERROR,ERROR,"Error code: 429 - {'error': {'message': 'Rate limit reached for model `llama-3.3-70b-versatile` in organization `org_01kbpjphpvfns9z0cm9f44pjvq` service tier `on_demand` on tokens per day (TPD): Limit 100000, Used 99298, Requested 1032. Please try again in 4m45.12s. Need more tokens? Upgrade to Dev Tier today at https://console.groq.com/settings/billing', 'type': 'tokens', 'code': 'rate_limit_exceeded'}}"
main (7).c,ERROR,ERROR,ERROR,ERROR,ERROR,"Error code: 429 - {'error': {'message': 'Rate limit reached for model `llama-3.3-70b-versatile` in organization `org_01kbpjphpvfns9z0cm9f44pjvq` service tier `on_demand` on tokens per day (TPD): Limit 100000, Used 99298, Requested 1372. Please try again in 9m38.88s. Need more tokens? Upgrade to Dev Tier today at https://console.groq.com/settings/billing', 'type': 'tokens', 'code': 'rate_limit_exceeded'}}"
main (7)_1.c,ERROR,ERROR,ERROR,ERROR,ERROR,"Error code: 429 - {'error': {'message': 'Rate limit reached for model `llama-3.3-70b-versatile` in organization `org_01kbpjphpvfns9z0cm9f44pjvq` service tier `on_demand` on tokens per day (TPD): Limit 100000, Used 99298, Requested 1390. Please try again in 9m54.432s. Need more tokens? Upgrade to Dev Tier today at https://console.groq.com/settings/billing', 'type': 'tokens', 'code': 'rate_limit_exceeded'}}"
main (8).c,ERROR,ERROR,ERROR,ERROR,ERROR,"Error code: 429 - {'error': {'message': 'Rate limit reached for model `llama-3.3-70b-versatile` in organization `org_01kbpjphpvfns9z0cm9f44pjvq` service tier `on_demand` on tokens per day (TPD): Limit 100000, Used 99297, Requested 1417. Please try again in 10m16.896s. Need more tokens? Upgrade to Dev Tier today at https://console.groq.com/settings/billing', 'type': 'tokens', 'code': 'rate_limit_exceeded'}}"
main (8)_1.c,ERROR,ERROR,ERROR,ERROR,ERROR,"Error code: 429 - {'error': {'message': 'Rate limit reached for model `llama-3.3-70b-versatile` in organization `org_01kbpjphpvfns9z0cm9f44pjvq` service tier `on_demand` on tokens per day (TPD): Limit 100000, Used 99297, Requested 1423. Please try again in 10m22.079999999s. Need more tokens? Upgrade to Dev Tier today at https://console.groq.com/settings/billing', 'type': 'tokens', 'code': 'rate_limit_exceeded'}}"
main (9).c,ERROR,ERROR,ERROR,ERROR,ERROR,"Error code: 429 - {'error': {'message': 'Rate limit reached for model `llama-3.3-70b-versatile` in organization `org_01kbpjphpvfns9z0cm9f44pjvq` service tier `on_demand` on tokens per day (TPD): Limit 100000, Used 99297, Requested 1160. Please try again in 6m34.848s. Need more tokens? Upgrade to Dev Tier today at https://console.groq.com/settings/billing', 'type': 'tokens', 'code': 'rate_limit_exceeded'}}"
main (9)_1.c,ERROR,ERROR,ERROR,ERROR,ERROR,"Error code: 429 - {'error': {'message': 'Rate limit reached for model `llama-3.3-70b-versatile` in organization `org_01kbpjphpvfns9z0cm9f44pjvq` service tier `on_demand` on tokens per day (TPD): Limit 100000, Used 99297, Requested 1154. Please try again in 6m29.664s. Need more tokens? Upgrade to Dev Tier today at https://console.groq.com/settings/billing', 'type': 'tokens', 'code': 'rate_limit_exceeded'}}"
main.c,ERROR,ERROR,ERROR,ERROR,ERROR,"Error code: 429 - {'error': {'message': 'Rate limit reached for model `llama-3.3-70b-versatile` in organization `org_01kbpjphpvfns9z0cm9f44pjvq` service tier `on_demand` on tokens per day (TPD): Limit 100000, Used 99297, Requested 911. Please try again in 2m59.712s. Need more tokens? Upgrade to Dev Tier today at https://console.groq.com/settings/billing', 'type': 'tokens', 'code': 'rate_limit_exceeded'}}"
main_1.c,ERROR,ERROR,ERROR,ERROR,ERROR,"Error code: 429 - {'error': {'message': 'Rate limit reached for model `llama-3.3-70b-versatile` in organization `org_01kbpjphpvfns9z0cm9f44pjvq` service tier `on_demand` on tokens per day (TPD): Limit 100000, Used 99297, Requested 911. Please try again in 2m59.712s. Need more tokens? Upgrade to Dev Tier today at https://console.groq.com/settings/billing', 'type': 'tokens', 'code': 'rate_limit_exceeded'}}"
matrix multiplication using poinetrs.c,ERROR,ERROR,ERROR,ERROR,ERROR,"Error code: 429 - {'error': {'message': 'Rate limit reached for model `llama-3.3-70b-versatile` in organization `org_01kbpjphpvfns9z0cm9f44pjvq` service tier `on_demand` on tokens per day (TPD): Limit 100000, Used 99297, Requested 1385. Please try again in 9m49.247999999s. Need more tokens? Upgrade to Dev Tier today at https://console.groq.com/settings/billing', 'type': 'tokens', 'code': 'rate_limit_exceeded'}}"
matrix multiplication using poinetrs_1.c,ERROR,ERROR,ERROR,ERROR,ERROR,"Error code: 429 - {'error': {'message': 'Rate limit reached for model `llama-3.3-70b-versatile` in organization `org_01kbpjphpvfns9z0cm9f44pjvq` service tier `on_demand` on tokens per day (TPD): Limit 100000, Used 99296, Requested 1391. Please try again in 9m53.568s. Need more tokens? Upgrade to Dev Tier today at https://console.groq.com/settings/billing', 'type': 'tokens', 'code': 'rate_limit_exceeded'}}"
matrix.c,ERROR,ERROR,ERROR,ERROR,ERROR,"Error code: 429 - {'error': {'message': 'Rate limit reached for model `llama-3.3-70b-versatile` in organization `org_01kbpjphpvfns9z0cm9f44pjvq` service tier `on_demand` on tokens per day (TPD): Limit 100000, Used 99296, Requested 1072. Please try again in 5m17.952s. Need more tokens? Upgrade to Dev Tier today at https://console.groq.com/settings/billing', 'type': 'tokens', 'code': 'rate_limit_exceeded'}}"
matrix_1.c,ERROR,ERROR,ERROR,ERROR,ERROR,"Error code: 429 - {'error': {'message': 'Rate limit reached for model `llama-3.3-70b-versatile` in organization `org_01kbpjphpvfns9z0cm9f44pjvq` service tier `on_demand` on tokens per day (TPD): Limit 100000, Used 99296, Requested 1060. Please try again in 5m7.584s. Need more tokens? Upgrade to Dev Tier today at https://console.groq.com/settings/billing', 'type': 'tokens', 'code': 'rate_limit_exceeded'}}"
maze .c,ERROR,ERROR,ERROR,ERROR,ERROR,"Error code: 429 - {'error': {'message': 'Rate limit reached for model `llama-3.3-70b-versatile` in organization `org_01kbpjphpvfns9z0cm9f44pjvq` service tier `on_demand` on tokens per day (TPD): Limit 100000, Used 99296, Requested 1320. Please try again in 8m52.223999999s. Need more tokens? Upgrade to Dev Tier today at https://console.groq.com/settings/billing', 'type': 'tokens', 'code': 'rate_limit_exceeded'}}"
maze _1.c,ERROR,ERROR,ERROR,ERROR,ERROR,"Error code: 429 - {'error': {'message': 'Rate limit reached for model `llama-3.3-70b-versatile` in organization `org_01kbpjphpvfns9z0cm9f44pjvq` service tier `on_demand` on tokens per day (TPD): Limit 100000, Used 99296, Requested 1320. Please try again in 8m52.223999999s. Need more tokens? Upgrade to Dev Tier today at https://console.groq.com/settings/billing', 'type': 'tokens', 'code': 'rate_limit_exceeded'}}"
merge _sort.c,ERROR,ERROR,ERROR,ERROR,ERROR,"Error code: 429 - {'error': {'message': 'Rate limit reached for model `llama-3.3-70b-versatile` in organization `org_01kbpjphpvfns9z0cm9f44pjvq` service tier `on_demand` on tokens per day (TPD): Limit 100000, Used 99296, Requested 1257. Please try again in 7m57.792s. Need more tokens? Upgrade to Dev Tier today at https://console.groq.com/settings/billing', 'type': 'tokens', 'code': 'rate_limit_exceeded'}}"
merge _sort_1.c,ERROR,ERROR,ERROR,ERROR,ERROR,"Error code: 429 - {'error': {'message': 'Rate limit reached for model `llama-3.3-70b-versatile` in organization `org_01kbpjphpvfns9z0cm9f44pjvq` service tier `on_demand` on tokens per day (TPD): Limit 100000, Used 99296, Requested 1263. Please try again in 8m2.976s. Need more tokens? Upgrade to Dev Tier today at https://console.groq.com/settings/billing', 'type': 'tokens', 'code': 'rate_limit_exceeded'}}"
merge_sort.c,ERROR,ERROR,ERROR,ERROR,ERROR,"Error code: 429 - {'error': {'message': 'Rate limit reached for model `llama-3.3-70b-versatile` in organization `org_01kbpjphpvfns9z0cm9f44pjvq` service tier `on_demand` on tokens per day (TPD): Limit 100000, Used 99296, Requested 1321. Please try again in 8m53.087999999s. Need more tokens? Upgrade to Dev Tier today at https://console.groq.com/settings/billing', 'type': 'tokens', 'code': 'rate_limit_exceeded'}}"
merge_sort_1.c,ERROR,ERROR,ERROR,ERROR,ERROR,"Error code: 429 - {'error': {'message': 'Rate limit reached for model `llama-3.3-70b-versatile` in organization `org_01kbpjphpvfns9z0cm9f44pjvq` service tier `on_demand` on tokens per day (TPD): Limit 100000, Used 99295, Requested 1321. Please try again in 8m52.223999999s. Need more tokens? Upgrade to Dev Tier today at https://console.groq.com/settings/billing', 'type': 'tokens', 'code': 'rate_limit_exceeded'}}"
Min_MAX.c,ERROR,ERROR,ERROR,ERROR,ERROR,"Error code: 429 - {'error': {'message': 'Rate limit reached for model `llama-3.3-70b-versatile` in organization `org_01kbpjphpvfns9z0cm9f44pjvq` service tier `on_demand` on tokens per day (TPD): Limit 100000, Used 99295, Requested 1159. Please try again in 6m32.256s. Need more tokens? Upgrade to Dev Tier today at https://console.groq.com/settings/billing', 'type': 'tokens', 'code': 'rate_limit_exceeded'}}"
Min_MAX_1.c,ERROR,ERROR,ERROR,ERROR,ERROR,"Error code: 429 - {'error': {'message': 'Rate limit reached for model `llama-3.3-70b-versatile` in organization `org_01kbpjphpvfns9z0cm9f44pjvq` service tier `on_demand` on tokens per day (TPD): Limit 100000, Used 99295, Requested 1159. Please try again in 6m32.256s. Need more tokens? Upgrade to Dev Tier today at https://console.groq.com/settings/billing', 'type': 'tokens', 'code': 'rate_limit_exceeded'}}"
multiplication using Dma.c,ERROR,ERROR,ERROR,ERROR,ERROR,"Error code: 429 - {'error': {'message': 'Rate limit reached for model `llama-3.3-70b-versatile` in organization `org_01kbpjphpvfns9z0cm9f44pjvq` service tier `on_demand` on tokens per day (TPD): Limit 100000, Used 99295, Requested 1398. Please try again in 9m58.752s. Need more tokens? Upgrade to Dev Tier today at https://console.groq.com/settings/billing', 'type': 'tokens', 'code': 'rate_limit_exceeded'}}"
multiplication using Dma_1.c,ERROR,ERROR,ERROR,ERROR,ERROR,"Error code: 429 - {'error': {'message': 'Rate limit reached for model `llama-3.3-70b-versatile` in organization `org_01kbpjphpvfns9z0cm9f44pjvq` service tier `on_demand` on tokens per day (TPD): Limit 100000, Used 99295, Requested 1386. Please try again in 9m48.384s. Need more tokens? Upgrade to Dev Tier today at https://console.groq.com/settings/billing', 'type': 'tokens', 'code': 'rate_limit_exceeded'}}"
mysort.c,ERROR,ERROR,ERROR,ERROR,ERROR,"Error code: 429 - {'error': {'message': 'Rate limit reached for model `llama-3.3-70b-versatile` in organization `org_01kbpjphpvfns9z0cm9f44pjvq` service tier `on_demand` on tokens per day (TPD): Limit 100000, Used 99295, Requested 934. Please try again in 3m17.856s. Need more tokens? Upgrade to Dev Tier today at https://console.groq.com/settings/billing', 'type': 'tokens', 'code': 'rate_limit_exceeded'}}"
mysort_1.c,ERROR,ERROR,ERROR,ERROR,ERROR,"Error code: 429 - {'error': {'message': 'Rate limit reached for model `llama-3.3-70b-versatile` in organization `org_01kbpjphpvfns9z0cm9f44pjvq` service tier `on_demand` on tokens per day (TPD): Limit 100000, Used 99295, Requested 934. Please try again in 3m17.856s. Need more tokens? Upgrade to Dev Tier today at https://console.groq.com/settings/billing', 'type': 'tokens', 'code': 'rate_limit_exceeded'}}"
namesdma.c,ERROR,ERROR,ERROR,ERROR,ERROR,"Error code: 429 - {'error': {'message': 'Rate limit reached for model `llama-3.3-70b-versatile` in organization `org_01kbpjphpvfns9z0cm9f44pjvq` service tier `on_demand` on tokens per day (TPD): Limit 100000, Used 99295, Requested 983. Please try again in 4m0.191999999s. Need more tokens? Upgrade to Dev Tier today at https://console.groq.com/settings/billing', 'type': 'tokens', 'code': 'rate_limit_exceeded'}}"
namesdma_1.c,ERROR,ERROR,ERROR,ERROR,ERROR,"Error code: 429 - {'error': {'message': 'Rate limit reached for model `llama-3.3-70b-versatile` in organization `org_01kbpjphpvfns9z0cm9f44pjvq` service tier `on_demand` on tokens per day (TPD): Limit 100000, Used 99294, Requested 965. Please try again in 3m43.775999999s. Need more tokens? Upgrade to Dev Tier today at https://console.groq.com/settings/billing', 'type': 'tokens', 'code': 'rate_limit_exceeded'}}"
new.c,ERROR,ERROR,ERROR,ERROR,ERROR,"Error code: 429 - {'error': {'message': 'Rate limit reached for model `llama-3.3-70b-versatile` in organization `org_01kbpjphpvfns9z0cm9f44pjvq` service tier `on_demand` on tokens per day (TPD): Limit 100000, Used 99294, Requested 836. Please try again in 1m52.32s. Need more tokens? Upgrade to Dev Tier today at https://console.groq.com/settings/billing', 'type': 'tokens', 'code': 'rate_limit_exceeded'}}"
new_1.c,ERROR,ERROR,ERROR,ERROR,ERROR,"Error code: 429 - {'error': {'message': 'Rate limit reached for model `llama-3.3-70b-versatile` in organization `org_01kbpjphpvfns9z0cm9f44pjvq` service tier `on_demand` on tokens per day (TPD): Limit 100000, Used 99294, Requested 836. Please try again in 1m52.32s. Need more tokens? Upgrade to Dev Tier today at https://console.groq.com/settings/billing', 'type': 'tokens', 'code': 'rate_limit_exceeded'}}"
Nikhil calendar.c,ERROR,ERROR,ERROR,ERROR,ERROR,"Error code: 429 - {'error': {'message': 'Rate limit reached for model `llama-3.3-70b-versatile` in organization `org_01kbpjphpvfns9z0cm9f44pjvq` service tier `on_demand` on tokens per day (TPD): Limit 100000, Used 99294, Requested 1486. Please try again in 11m13.92s. Need more tokens? Upgrade to Dev Tier today at https://console.groq.com/settings/billing', 'type': 'tokens', 'code': 'rate_limit_exceeded'}}"
Nikhil calendar_1.c,ERROR,ERROR,ERROR,ERROR,ERROR,"Error code: 429 - {'error': {'message': 'Rate limit reached for model `llama-3.3-70b-versatile` in organization `org_01kbpjphpvfns9z0cm9f44pjvq` service tier `on_demand` on tokens per day (TPD): Limit 100000, Used 99294, Requested 1504. Please try again in 11m29.472s. Need more tokens? Upgrade to Dev Tier today at https://console.groq.com/settings/billing', 'type': 'tokens', 'code': 'rate_limit_exceeded'}}"
no into sum of primes.c,ERROR,ERROR,ERROR,ERROR,ERROR,"Error code: 429 - {'error': {'message': 'Rate limit reached for model `llama-3.3-70b-versatile` in organization `org_01kbpjphpvfns9z0cm9f44pjvq` service tier `on_demand` on tokens per day (TPD): Limit 100000, Used 99294, Requested 1006. Please try again in 4m19.2s. Need more tokens? Upgrade to Dev Tier today at https://console.groq.com/settings/billing', 'type': 'tokens', 'code': 'rate_limit_exceeded'}}"
no into sum of primes_1.c,ERROR,ERROR,ERROR,ERROR,ERROR,"Error code: 429 - {'error': {'message': 'Rate limit reached for model `llama-3.3-70b-versatile` in organization `org_01kbpjphpvfns9z0cm9f44pjvq` service tier `on_demand` on tokens per day (TPD): Limit 100000, Used 99294, Requested 1006. Please try again in 4m19.2s. Need more tokens? Upgrade to Dev Tier today at https://console.groq.com/settings/billing', 'type': 'tokens', 'code': 'rate_limit_exceeded'}}"
nos.c,ERROR,ERROR,ERROR,ERROR,ERROR,"Error code: 429 - {'error': {'message': 'Rate limit reached for model `llama-3.3-70b-versatile` in organization `org_01kbpjphpvfns9z0cm9f44pjvq` service tier `on_demand` on tokens per day (TPD): Limit 100000, Used 99294, Requested 945. Please try again in 3m26.496s. Need more tokens? Upgrade to Dev Tier today at https://console.groq.com/settings/billing', 'type': 'tokens', 'code': 'rate_limit_exceeded'}}"
nos_1.c,ERROR,ERROR,ERROR,ERROR,ERROR,"Error code: 429 - {'error': {'message': 'Rate limit reached for model `llama-3.3-70b-versatile` in organization `org_01kbpjphpvfns9z0cm9f44pjvq` service tier `on_demand` on tokens per day (TPD): Limit 100000, Used 99294, Requested 951. Please try again in 3m31.68s. Need more tokens? Upgrade to Dev Tier today at https://console.groq.com/settings/billing', 'type': 'tokens', 'code': 'rate_limit_exceeded'}}"
number of digits-recursion.c,ERROR,ERROR,ERROR,ERROR,ERROR,"Error code: 429 - {'error': {'message': 'Rate limit reached for model `llama-3.3-70b-versatile` in organization `org_01kbpjphpvfns9z0cm9f44pjvq` service tier `on_demand` on tokens per day (TPD): Limit 100000, Used 99293, Requested 896. Please try again in 2m43.296s. Need more tokens? Upgrade to Dev Tier today at https://console.groq.com/settings/billing', 'type': 'tokens', 'code': 'rate_limit_exceeded'}}"
number of digits-recursion_1.c,ERROR,ERROR,ERROR,ERROR,ERROR,"Error code: 429 - {'error': {'message': 'Rate limit reached for model `llama-3.3-70b-versatile` in organization `org_01kbpjphpvfns9z0cm9f44pjvq` service tier `on_demand` on tokens per day (TPD): Limit 100000, Used 99293, Requested 908. Please try again in 2m53.664s. Need more tokens? Upgrade to Dev Tier today at https://console.groq.com/settings/billing', 'type': 'tokens', 'code': 'rate_limit_exceeded'}}"
odd and even indirect recursion. c.c,ERROR,ERROR,ERROR,ERROR,ERROR,"Error code: 429 - {'error': {'message': 'Rate limit reached for model `llama-3.3-70b-versatile` in organization `org_01kbpjphpvfns9z0cm9f44pjvq` service tier `on_demand` on tokens per day (TPD): Limit 100000, Used 99293, Requested 926. Please try again in 3m9.216s. Need more tokens? Upgrade to Dev Tier today at https://console.groq.com/settings/billing', 'type': 'tokens', 'code': 'rate_limit_exceeded'}}"
odd and even indirect recursion. c_1.c,ERROR,ERROR,ERROR,ERROR,ERROR,"Error code: 429 - {'error': {'message': 'Rate limit reached for model `llama-3.3-70b-versatile` in organization `org_01kbpjphpvfns9z0cm9f44pjvq` service tier `on_demand` on tokens per day (TPD): Limit 100000, Used 99293, Requested 926. Please try again in 3m9.216s. Need more tokens? Upgrade to Dev Tier today at https://console.groq.com/settings/billing', 'type': 'tokens', 'code': 'rate_limit_exceeded'}}"
odd_even-recursion.c,ERROR,ERROR,ERROR,ERROR,ERROR,"Error code: 429 - {'error': {'message': 'Rate limit reached for model `llama-3.3-70b-versatile` in organization `org_01kbpjphpvfns9z0cm9f44pjvq` service tier `on_demand` on tokens per day (TPD): Limit 100000, Used 99293, Requested 914. Please try again in 2m58.848s. Need more tokens? Upgrade to Dev Tier today at https://console.groq.com/settings/billing', 'type': 'tokens', 'code': 'rate_limit_exceeded'}}"
odd_even-recursion_1.c,ERROR,ERROR,ERROR,ERROR,ERROR,"Error code: 429 - {'error': {'message': 'Rate limit reached for model `llama-3.3-70b-versatile` in organization `org_01kbpjphpvfns9z0cm9f44pjvq` service tier `on_demand` on tokens per day (TPD): Limit 100000, Used 99293, Requested 914. Please try again in 2m58.848s. Need more tokens? Upgrade to Dev Tier today at https://console.groq.com/settings/billing', 'type': 'tokens', 'code': 'rate_limit_exceeded'}}"
online test shashank. c.c,ERROR,ERROR,ERROR,ERROR,ERROR,"Error code: 429 - {'error': {'message': 'Rate limit reached for model `llama-3.3-70b-versatile` in organization `org_01kbpjphpvfns9z0cm9f44pjvq` service tier `on_demand` on tokens per day (TPD): Limit 100000, Used 99293, Requested 1619. Please try again in 13m7.968s. Need more tokens? Upgrade to Dev Tier today at https://console.groq.com/settings/billing', 'type': 'tokens', 'code': 'rate_limit_exceeded'}}"
online test shashank. c_1.c,ERROR,ERROR,ERROR,ERROR,ERROR,"Error code: 429 - {'error': {'message': 'Rate limit reached for model `llama-3.3-70b-versatile` in organization `org_01kbpjphpvfns9z0cm9f44pjvq` service tier `on_demand` on tokens per day (TPD): Limit 100000, Used 99292, Requested 1601. Please try again in 12m51.552s. Need more tokens? Upgrade to Dev Tier today at https://console.groq.com/settings/billing', 'type': 'tokens', 'code': 'rate_limit_exceeded'}}"
online test.c,ERROR,ERROR,ERROR,ERROR,ERROR,"Error code: 429 - {'error': {'message': 'Rate limit reached for model `llama-3.3-70b-versatile` in organization `org_01kbpjphpvfns9z0cm9f44pjvq` service tier `on_demand` on tokens per day (TPD): Limit 100000, Used 99292, Requested 3013. Please try again in 33m11.52s. Need more tokens? Upgrade to Dev Tier today at https://console.groq.com/settings/billing', 'type': 'tokens', 'code': 'rate_limit_exceeded'}}"
online test_1.c,ERROR,ERROR,ERROR,ERROR,ERROR,"Error code: 429 - {'error': {'message': 'Rate limit reached for model `llama-3.3-70b-versatile` in organization `org_01kbpjphpvfns9z0cm9f44pjvq` service tier `on_demand` on tokens per day (TPD): Limit 100000, Used 99292, Requested 3013. Please try again in 33m11.52s. Need more tokens? Upgrade to Dev Tier today at https://console.groq.com/settings/billing', 'type': 'tokens', 'code': 'rate_limit_exceeded'}}"
palindrome-strings. c.c,ERROR,ERROR,ERROR,ERROR,ERROR,"Error code: 429 - {'error': {'message': 'Rate limit reached for model `llama-3.3-70b-versatile` in organization `org_01kbpjphpvfns9z0cm9f44pjvq` service tier `on_demand` on tokens per day (TPD): Limit 100000, Used 99292, Requested 1054. Please try again in 4m58.944s. Need more tokens? Upgrade to Dev Tier today at https://console.groq.com/settings/billing', 'type': 'tokens', 'code': 'rate_limit_exceeded'}}"
palindrome-strings. c_1.c,ERROR,ERROR,ERROR,ERROR,ERROR,"Error code: 429 - {'error': {'message': 'Rate limit reached for model `llama-3.3-70b-versatile` in organization `org_01kbpjphpvfns9z0cm9f44pjvq` service tier `on_demand` on tokens per day (TPD): Limit 100000, Used 99292, Requested 1060. Please try again in 5m4.128s. Need more tokens? Upgrade to Dev Tier today at https://console.groq.com/settings/billing', 'type': 'tokens', 'code': 'rate_limit_exceeded'}}"
pascal traingle.c,ERROR,ERROR,ERROR,ERROR,ERROR,"Error code: 429 - {'error': {'message': 'Rate limit reached for model `llama-3.3-70b-versatile` in organization `org_01kbpjphpvfns9z0cm9f44pjvq` service tier `on_demand` on tokens per day (TPD): Limit 100000, Used 99292, Requested 946. Please try again in 3m25.632s. Need more tokens? Upgrade to Dev Tier today at https://console.groq.com/settings/billing', 'type': 'tokens', 'code': 'rate_limit_exceeded'}}"
pascal traingle_1.c,ERROR,ERROR,ERROR,ERROR,ERROR,"Error code: 429 - {'error': {'message': 'Rate limit reached for model `llama-3.3-70b-versatile` in organization `org_01kbpjphpvfns9z0cm9f44pjvq` service tier `on_demand` on tokens per day (TPD): Limit 100000, Used 99292, Requested 964. Please try again in 3m41.184s. Need more tokens? Upgrade to Dev Tier today at https://console.groq.com/settings/billing', 'type': 'tokens', 'code': 'rate_limit_exceeded'}}"
pat equi.c,ERROR,ERROR,ERROR,ERROR,ERROR,"Error code: 429 - {'error': {'message': 'Rate limit reached for model `llama-3.3-70b-versatile` in organization `org_01kbpjphpvfns9z0cm9f44pjvq` service tier `on_demand` on tokens per day (TPD): Limit 100000, Used 99292, Requested 874. Please try again in 2m23.424s. Need more tokens? Upgrade to Dev Tier today at https://console.groq.com/settings/billing', 'type': 'tokens', 'code': 'rate_limit_exceeded'}}"
pat equi_1.c,ERROR,ERROR,ERROR,ERROR,ERROR,"Error code: 429 - {'error': {'message': 'Rate limit reached for model `llama-3.3-70b-versatile` in organization `org_01kbpjphpvfns9z0cm9f44pjvq` service tier `on_demand` on tokens per day (TPD): Limit 100000, Used 99291, Requested 874. Please try again in 2m22.56s. Need more tokens? Upgrade to Dev Tier today at https://console.groq.com/settings/billing', 'type': 'tokens', 'code': 'rate_limit_exceeded'}}"
pat.c,ERROR,ERROR,ERROR,ERROR,ERROR,"Error code: 429 - {'error': {'message': 'Rate limit reached for model `llama-3.3-70b-versatile` in organization `org_01kbpjphpvfns9z0cm9f44pjvq` service tier `on_demand` on tokens per day (TPD): Limit 100000, Used 99291, Requested 871. Please try again in 2m19.968s. Need more tokens? Upgrade to Dev Tier today at https://console.groq.com/settings/billing', 'type': 'tokens', 'code': 'rate_limit_exceeded'}}"
Pattern_hackerank.c,ERROR,ERROR,ERROR,ERROR,ERROR,"Error code: 429 - {'error': {'message': 'Rate limit reached for model `llama-3.3-70b-versatile` in organization `org_01kbpjphpvfns9z0cm9f44pjvq` service tier `on_demand` on tokens per day (TPD): Limit 100000, Used 99291, Requested 1023. Please try again in 4m31.296s. Need more tokens? Upgrade to Dev Tier today at https://console.groq.com/settings/billing', 'type': 'tokens', 'code': 'rate_limit_exceeded'}}"
Pattern_hackerank_1.c,ERROR,ERROR,ERROR,ERROR,ERROR,"Error code: 429 - {'error': {'message': 'Rate limit reached for model `llama-3.3-70b-versatile` in organization `org_01kbpjphpvfns9z0cm9f44pjvq` service tier `on_demand` on tokens per day (TPD): Limit 100000, Used 99291, Requested 1029. Please try again in 4m36.48s. Need more tokens? Upgrade to Dev Tier today at https://console.groq.com/settings/billing', 'type': 'tokens', 'code': 'rate_limit_exceeded'}}"
pat_1.c,ERROR,ERROR,ERROR,ERROR,ERROR,"Error code: 429 - {'error': {'message': 'Rate limit reached for model `llama-3.3-70b-versatile` in organization `org_01kbpjphpvfns9z0cm9f44pjvq` service tier `on_demand` on tokens per day (TPD): Limit 100000, Used 99291, Requested 889. Please try again in 2m35.519999999s. Need more tokens? Upgrade to Dev Tier today at https://console.groq.com/settings/billing', 'type': 'tokens', 'code': 'rate_limit_exceeded'}}"
pending.c,ERROR,ERROR,ERROR,ERROR,ERROR,"Error code: 429 - {'error': {'message': 'Rate limit reached for model `llama-3.3-70b-versatile` in organization `org_01kbpjphpvfns9z0cm9f44pjvq` service tier `on_demand` on tokens per day (TPD): Limit 100000, Used 99291, Requested 1795. Please try again in 15m38.304s. Need more tokens? Upgrade to Dev Tier today at https://console.groq.com/settings/billing', 'type': 'tokens', 'code': 'rate_limit_exceeded'}}"
pending_1.c,ERROR,ERROR,ERROR,ERROR,ERROR,"Error code: 429 - {'error': {'message': 'Rate limit reached for model `llama-3.3-70b-versatile` in organization `org_01kbpjphpvfns9z0cm9f44pjvq` service tier `on_demand` on tokens per day (TPD): Limit 100000, Used 99291, Requested 1795. Please try again in 15m38.304s. Need more tokens? Upgrade to Dev Tier today at https://console.groq.com/settings/billing', 'type': 'tokens', 'code': 'rate_limit_exceeded'}}"
perfect number_    }.c,ERROR,ERROR,ERROR,ERROR,ERROR,"Error code: 429 - {'error': {'message': 'Rate limit reached for model `llama-3.3-70b-versatile` in organization `org_01kbpjphpvfns9z0cm9f44pjvq` service tier `on_demand` on tokens per day (TPD): Limit 100000, Used 99290, Requested 946. Please try again in 3m23.904s. Need more tokens? Upgrade to Dev Tier today at https://console.groq.com/settings/billing', 'type': 'tokens', 'code': 'rate_limit_exceeded'}}"
perfect number_    }_1.c,ERROR,ERROR,ERROR,ERROR,ERROR,"Error code: 429 - {'error': {'message': 'Rate limit reached for model `llama-3.3-70b-versatile` in organization `org_01kbpjphpvfns9z0cm9f44pjvq` service tier `on_demand` on tokens per day (TPD): Limit 100000, Used 99290, Requested 940. Please try again in 3m18.72s. Need more tokens? Upgrade to Dev Tier today at https://console.groq.com/settings/billing', 'type': 'tokens', 'code': 'rate_limit_exceeded'}}"
prims_tree.c,ERROR,ERROR,ERROR,ERROR,ERROR,"Error code: 429 - {'error': {'message': 'Rate limit reached for model `llama-3.3-70b-versatile` in organization `org_01kbpjphpvfns9z0cm9f44pjvq` service tier `on_demand` on tokens per day (TPD): Limit 100000, Used 99290, Requested 1242. Please try again in 7m39.648s. Need more tokens? Upgrade to Dev Tier today at https://console.groq.com/settings/billing', 'type': 'tokens', 'code': 'rate_limit_exceeded'}}"
prims_tree_1.c,ERROR,ERROR,ERROR,ERROR,ERROR,"Error code: 429 - {'error': {'message': 'Rate limit reached for model `llama-3.3-70b-versatile` in organization `org_01kbpjphpvfns9z0cm9f44pjvq` service tier `on_demand` on tokens per day (TPD): Limit 100000, Used 99290, Requested 1236. Please try again in 7m34.464s. Need more tokens? Upgrade to Dev Tier today at https://console.groq.com/settings/billing', 'type': 'tokens', 'code': 'rate_limit_exceeded'}}"
pro1.c,ERROR,ERROR,ERROR,ERROR,ERROR,"Error code: 429 - {'error': {'message': 'Rate limit reached for model `llama-3.3-70b-versatile` in organization `org_01kbpjphpvfns9z0cm9f44pjvq` service tier `on_demand` on tokens per day (TPD): Limit 100000, Used 99290, Requested 2546. Please try again in 26m26.304s. Need more tokens? Upgrade to Dev Tier today at https://console.groq.com/settings/billing', 'type': 'tokens', 'code': 'rate_limit_exceeded'}}"
pro1pending. c.c,ERROR,ERROR,ERROR,ERROR,ERROR,"Error code: 429 - {'error': {'message': 'Rate limit reached for model `llama-3.3-70b-versatile` in organization `org_01kbpjphpvfns9z0cm9f44pjvq` service tier `on_demand` on tokens per day (TPD): Limit 100000, Used 99290, Requested 2223. Please try again in 21m47.232s. Need more tokens? Upgrade to Dev Tier today at https://console.groq.com/settings/billing', 'type': 'tokens', 'code': 'rate_limit_exceeded'}}"
pro1pending. c_1.c,ERROR,ERROR,ERROR,ERROR,ERROR,"Error code: 429 - {'error': {'message': 'Rate limit reached for model `llama-3.3-70b-versatile` in organization `org_01kbpjphpvfns9z0cm9f44pjvq` service tier `on_demand` on tokens per day (TPD): Limit 100000, Used 99290, Requested 2235. Please try again in 21m57.6s. Need more tokens? Upgrade to Dev Tier today at https://console.groq.com/settings/billing', 'type': 'tokens', 'code': 'rate_limit_exceeded'}}"
pro1_1.c,ERROR,ERROR,ERROR,ERROR,ERROR,"Error code: 429 - {'error': {'message': 'Rate limit reached for model `llama-3.3-70b-versatile` in organization `org_01kbpjphpvfns9z0cm9f44pjvq` service tier `on_demand` on tokens per day (TPD): Limit 100000, Used 99290, Requested 2546. Please try again in 26m26.304s. Need more tokens? Upgrade to Dev Tier today at https://console.groq.com/settings/billing', 'type': 'tokens', 'code': 'rate_limit_exceeded'}}"
PROJECT 24.c,ERROR,ERROR,ERROR,ERROR,ERROR,"Error code: 429 - {'error': {'message': 'Rate limit reached for model `llama-3.3-70b-versatile` in organization `org_01kbpjphpvfns9z0cm9f44pjvq` service tier `on_demand` on tokens per day (TPD): Limit 100000, Used 99290, Requested 2409. Please try again in 24m27.936s. Need more tokens? Upgrade to Dev Tier today at https://console.groq.com/settings/billing', 'type': 'tokens', 'code': 'rate_limit_exceeded'}}"
PROJECT 24_1.c,ERROR,ERROR,ERROR,ERROR,ERROR,"Error code: 429 - {'error': {'message': 'Rate limit reached for model `llama-3.3-70b-versatile` in organization `org_01kbpjphpvfns9z0cm9f44pjvq` service tier `on_demand` on tokens per day (TPD): Limit 100000, Used 99289, Requested 2391. Please try again in 24m11.52s. Need more tokens? Upgrade to Dev Tier today at https://console.groq.com/settings/billing', 'type': 'tokens', 'code': 'rate_limit_exceeded'}}"
PROJECT 28-accomplished.c,ERROR,ERROR,ERROR,ERROR,ERROR,"Error code: 429 - {'error': {'message': 'Rate limit reached for model `llama-3.3-70b-versatile` in organization `org_01kbpjphpvfns9z0cm9f44pjvq` service tier `on_demand` on tokens per day (TPD): Limit 100000, Used 99289, Requested 2346. Please try again in 23m32.64s. Need more tokens? Upgrade to Dev Tier today at https://console.groq.com/settings/billing', 'type': 'tokens', 'code': 'rate_limit_exceeded'}}"
PROJECT 28-accomplished_1.c,ERROR,ERROR,ERROR,ERROR,ERROR,"Error code: 429 - {'error': {'message': 'Rate limit reached for model `llama-3.3-70b-versatile` in organization `org_01kbpjphpvfns9z0cm9f44pjvq` service tier `on_demand` on tokens per day (TPD): Limit 100000, Used 99289, Requested 2346. Please try again in 23m32.64s. Need more tokens? Upgrade to Dev Tier today at https://console.groq.com/settings/billing', 'type': 'tokens', 'code': 'rate_limit_exceeded'}}"
PROJECT2-CALENDAR.c,ERROR,ERROR,ERROR,ERROR,ERROR,"Error code: 429 - {'error': {'message': 'Rate limit reached for model `llama-3.3-70b-versatile` in organization `org_01kbpjphpvfns9z0cm9f44pjvq` service tier `on_demand` on tokens per day (TPD): Limit 100000, Used 99289, Requested 1905. Please try again in 17m11.616s. Need more tokens? Upgrade to Dev Tier today at https://console.groq.com/settings/billing', 'type': 'tokens', 'code': 'rate_limit_exceeded'}}"
PROJECT2-CALENDAR_1.c,ERROR,ERROR,ERROR,ERROR,ERROR,"Error code: 429 - {'error': {'message': 'Rate limit reached for model `llama-3.3-70b-versatile` in organization `org_01kbpjphpvfns9z0cm9f44pjvq` service tier `on_demand` on tokens per day (TPD): Limit 100000, Used 99289, Requested 1899. Please try again in 17m6.432s. Need more tokens? Upgrade to Dev Tier today at https://console.groq.com/settings/billing', 'type': 'tokens', 'code': 'rate_limit_exceeded'}}"
PROJECT2-NO TO WORDS.c,ERROR,ERROR,ERROR,ERROR,ERROR,"Error code: 429 - {'error': {'message': 'Rate limit reached for model `llama-3.3-70b-versatile` in organization `org_01kbpjphpvfns9z0cm9f44pjvq` service tier `on_demand` on tokens per day (TPD): Limit 100000, Used 99289, Requested 1746. Please try again in 14m54.24s. Need more tokens? Upgrade to Dev Tier today at https://console.groq.com/settings/billing', 'type': 'tokens', 'code': 'rate_limit_exceeded'}}"
PROJECT2-NO TO WORDS_1.c,ERROR,ERROR,ERROR,ERROR,ERROR,"Error code: 429 - {'error': {'message': 'Rate limit reached for model `llama-3.3-70b-versatile` in organization `org_01kbpjphpvfns9z0cm9f44pjvq` service tier `on_demand` on tokens per day (TPD): Limit 100000, Used 99288, Requested 1764. Please try again in 15m8.928s. Need more tokens? Upgrade to Dev Tier today at https://console.groq.com/settings/billing', 'type': 'tokens', 'code': 'rate_limit_exceeded'}}"
Quick_sort.c,ERROR,ERROR,ERROR,ERROR,ERROR,"Error code: 429 - {'error': {'message': 'Rate limit reached for model `llama-3.3-70b-versatile` in organization `org_01kbpjphpvfns9z0cm9f44pjvq` service tier `on_demand` on tokens per day (TPD): Limit 100000, Used 99288, Requested 1188. Please try again in 6m51.264s. Need more tokens? Upgrade to Dev Tier today at https://console.groq.com/settings/billing', 'type': 'tokens', 'code': 'rate_limit_exceeded'}}"
Quick_sort_1.c,ERROR,ERROR,ERROR,ERROR,ERROR,"Error code: 429 - {'error': {'message': 'Rate limit reached for model `llama-3.3-70b-versatile` in organization `org_01kbpjphpvfns9z0cm9f44pjvq` service tier `on_demand` on tokens per day (TPD): Limit 100000, Used 99288, Requested 1200. Please try again in 7m1.632s. Need more tokens? Upgrade to Dev Tier today at https://console.groq.com/settings/billing', 'type': 'tokens', 'code': 'rate_limit_exceeded'}}"
quiz. c.c,ERROR,ERROR,ERROR,ERROR,ERROR,"Error code: 429 - {'error': {'message': 'Rate limit reached for model `llama-3.3-70b-versatile` in organization `org_01kbpjphpvfns9z0cm9f44pjvq` service tier `on_demand` on tokens per day (TPD): Limit 100000, Used 99288, Requested 3019. Please try again in 33m13.248s. Need more tokens? Upgrade to Dev Tier today at https://console.groq.com/settings/billing', 'type': 'tokens', 'code': 'rate_limit_exceeded'}}"
quiz. c_1.c,ERROR,ERROR,ERROR,ERROR,ERROR,"Error code: 429 - {'error': {'message': 'Rate limit reached for model `llama-3.3-70b-versatile` in organization `org_01kbpjphpvfns9z0cm9f44pjvq` service tier `on_demand` on tokens per day (TPD): Limit 100000, Used 99288, Requested 3019. Please try again in 33m13.248s. Need more tokens? Upgrade to Dev Tier today at https://console.groq.com/settings/billing', 'type': 'tokens', 'code': 'rate_limit_exceeded'}}"
Radix_sort.c,ERROR,ERROR,ERROR,ERROR,ERROR,"Error code: 429 - {'error': {'message': 'Rate limit reached for model `llama-3.3-70b-versatile` in organization `org_01kbpjphpvfns9z0cm9f44pjvq` service tier `on_demand` on tokens per day (TPD): Limit 100000, Used 99288, Requested 1259. Please try again in 7m52.608s. Need more tokens? Upgrade to Dev Tier today at https://console.groq.com/settings/billing', 'type': 'tokens', 'code': 'rate_limit_exceeded'}}"
Radix_sort_1.c,ERROR,ERROR,ERROR,ERROR,ERROR,"Error code: 429 - {'error': {'message': 'Rate limit reached for model `llama-3.3-70b-versatile` in organization `org_01kbpjphpvfns9z0cm9f44pjvq` service tier `on_demand` on tokens per day (TPD): Limit 100000, Used 99288, Requested 1253. Please try again in 7m47.424s. Need more tokens? Upgrade to Dev Tier today at https://console.groq.com/settings/billing', 'type': 'tokens', 'code': 'rate_limit_exceeded'}}"
ratmaze. c.c,ERROR,ERROR,ERROR,ERROR,ERROR,"Error code: 429 - {'error': {'message': 'Rate limit reached for model `llama-3.3-70b-versatile` in organization `org_01kbpjphpvfns9z0cm9f44pjvq` service tier `on_demand` on tokens per day (TPD): Limit 100000, Used 99287, Requested 1070. Please try again in 5m8.448s. Need more tokens? Upgrade to Dev Tier today at https://console.groq.com/settings/billing', 'type': 'tokens', 'code': 'rate_limit_exceeded'}}"
ratmaze. c_1.c,ERROR,ERROR,ERROR,ERROR,ERROR,"Error code: 429 - {'error': {'message': 'Rate limit reached for model `llama-3.3-70b-versatile` in organization `org_01kbpjphpvfns9z0cm9f44pjvq` service tier `on_demand` on tokens per day (TPD): Limit 100000, Used 99287, Requested 1076. Please try again in 5m13.632s. Need more tokens? Upgrade to Dev Tier today at https://console.groq.com/settings/billing', 'type': 'tokens', 'code': 'rate_limit_exceeded'}}"
realloc.c,ERROR,ERROR,ERROR,ERROR,ERROR,"Error code: 429 - {'error': {'message': 'Rate limit reached for model `llama-3.3-70b-versatile` in organization `org_01kbpjphpvfns9z0cm9f44pjvq` service tier `on_demand` on tokens per day (TPD): Limit 100000, Used 99287, Requested 1086. Please try again in 5m22.272s. Need more tokens? Upgrade to Dev Tier today at https://console.groq.com/settings/billing', 'type': 'tokens', 'code': 'rate_limit_exceeded'}}"
realloc_1.c,ERROR,ERROR,ERROR,ERROR,ERROR,"Error code: 429 - {'error': {'message': 'Rate limit reached for model `llama-3.3-70b-versatile` in organization `org_01kbpjphpvfns9z0cm9f44pjvq` service tier `on_demand` on tokens per day (TPD): Limit 100000, Used 99287, Requested 1086. Please try again in 5m22.272s. Need more tokens? Upgrade to Dev Tier today at https://console.groq.com/settings/billing', 'type': 'tokens', 'code': 'rate_limit_exceeded'}}"
recursion sample. c.c,ERROR,ERROR,ERROR,ERROR,ERROR,"Error code: 429 - {'error': {'message': 'Rate limit reached for model `llama-3.3-70b-versatile` in organization `org_01kbpjphpvfns9z0cm9f44pjvq` service tier `on_demand` on tokens per day (TPD): Limit 100000, Used 99287, Requested 1744. Please try again in 14m50.784s. Need more tokens? Upgrade to Dev Tier today at https://console.groq.com/settings/billing', 'type': 'tokens', 'code': 'rate_limit_exceeded'}}"
recursion sample. c_1.c,ERROR,ERROR,ERROR,ERROR,ERROR,"Error code: 429 - {'error': {'message': 'Rate limit reached for model `llama-3.3-70b-versatile` in organization `org_01kbpjphpvfns9z0cm9f44pjvq` service tier `on_demand` on tokens per day (TPD): Limit 100000, Used 99287, Requested 1744. Please try again in 14m50.784s. Need more tokens? Upgrade to Dev Tier today at https://console.groq.com/settings/billing', 'type': 'tokens', 'code': 'rate_limit_exceeded'}}"
recursive sum.c,ERROR,ERROR,ERROR,ERROR,ERROR,"Error code: 429 - {'error': {'message': 'Rate limit reached for model `llama-3.3-70b-versatile` in organization `org_01kbpjphpvfns9z0cm9f44pjvq` service tier `on_demand` on tokens per day (TPD): Limit 100000, Used 99287, Requested 884. Please try again in 2m27.744s. Need more tokens? Upgrade to Dev Tier today at https://console.groq.com/settings/billing', 'type': 'tokens', 'code': 'rate_limit_exceeded'}}"
recursive sum_1.c,ERROR,ERROR,ERROR,ERROR,ERROR,"Error code: 429 - {'error': {'message': 'Rate limit reached for model `llama-3.3-70b-versatile` in organization `org_01kbpjphpvfns9z0cm9f44pjvq` service tier `on_demand` on tokens per day (TPD): Limit 100000, Used 99286, Requested 884. Please try again in 2m26.88s. Need more tokens? Upgrade to Dev Tier today at https://console.groq.com/settings/billing', 'type': 'tokens', 'code': 'rate_limit_exceeded'}}"
results.c,ERROR,ERROR,ERROR,ERROR,ERROR,"Error code: 429 - {'error': {'message': 'Rate limit reached for model `llama-3.3-70b-versatile` in organization `org_01kbpjphpvfns9z0cm9f44pjvq` service tier `on_demand` on tokens per day (TPD): Limit 100000, Used 99286, Requested 2307. Please try again in 22m56.351999999s. Need more tokens? Upgrade to Dev Tier today at https://console.groq.com/settings/billing', 'type': 'tokens', 'code': 'rate_limit_exceeded'}}"
results_1.c,ERROR,ERROR,ERROR,ERROR,ERROR,"Error code: 429 - {'error': {'message': 'Rate limit reached for model `llama-3.3-70b-versatile` in organization `org_01kbpjphpvfns9z0cm9f44pjvq` service tier `on_demand` on tokens per day (TPD): Limit 100000, Used 99286, Requested 2319. Please try again in 23m6.719999999s. Need more tokens? Upgrade to Dev Tier today at https://console.groq.com/settings/billing', 'type': 'tokens', 'code': 'rate_limit_exceeded'}}"
reverse_string_pointers.c,ERROR,ERROR,ERROR,ERROR,ERROR,"Error code: 429 - {'error': {'message': 'Rate limit reached for model `llama-3.3-70b-versatile` in organization `org_01kbpjphpvfns9z0cm9f44pjvq` service tier `on_demand` on tokens per day (TPD): Limit 100000, Used 99286, Requested 1008. Please try again in 4m14.016s. Need more tokens? Upgrade to Dev Tier today at https://console.groq.com/settings/billing', 'type': 'tokens', 'code': 'rate_limit_exceeded'}}"
reverse_string_pointers_1.c,ERROR,ERROR,ERROR,ERROR,ERROR,"Error code: 429 - {'error': {'message': 'Rate limit reached for model `llama-3.3-70b-versatile` in organization `org_01kbpjphpvfns9z0cm9f44pjvq` service tier `on_demand` on tokens per day (TPD): Limit 100000, Used 99286, Requested 1014. Please try again in 4m19.2s. Need more tokens? Upgrade to Dev Tier today at https://console.groq.com/settings/billing', 'type': 'tokens', 'code': 'rate_limit_exceeded'}}"
review.c,ERROR,ERROR,ERROR,ERROR,ERROR,"Error code: 429 - {'error': {'message': 'Rate limit reached for model `llama-3.3-70b-versatile` in organization `org_01kbpjphpvfns9z0cm9f44pjvq` service tier `on_demand` on tokens per day (TPD): Limit 100000, Used 99286, Requested 2475. Please try again in 25m21.504s. Need more tokens? Upgrade to Dev Tier today at https://console.groq.com/settings/billing', 'type': 'tokens', 'code': 'rate_limit_exceeded'}}"
review_1.c,ERROR,ERROR,ERROR,ERROR,ERROR,"Error code: 429 - {'error': {'message': 'Rate limit reached for model `llama-3.3-70b-versatile` in organization `org_01kbpjphpvfns9z0cm9f44pjvq` service tier `on_demand` on tokens per day (TPD): Limit 100000, Used 99286, Requested 2487. Please try again in 25m31.871999999s. Need more tokens? Upgrade to Dev Tier today at https://console.groq.com/settings/billing', 'type': 'tokens', 'code': 'rate_limit_exceeded'}}"
Rounding off number.c,ERROR,ERROR,ERROR,ERROR,ERROR,"Error code: 429 - {'error': {'message': 'Rate limit reached for model `llama-3.3-70b-versatile` in organization `org_01kbpjphpvfns9z0cm9f44pjvq` service tier `on_demand` on tokens per day (TPD): Limit 100000, Used 99286, Requested 1033. Please try again in 4m35.616s. Need more tokens? Upgrade to Dev Tier today at https://console.groq.com/settings/billing', 'type': 'tokens', 'code': 'rate_limit_exceeded'}}"
Rounding off number_1.c,ERROR,ERROR,ERROR,ERROR,ERROR,"Error code: 429 - {'error': {'message': 'Rate limit reached for model `llama-3.3-70b-versatile` in organization `org_01kbpjphpvfns9z0cm9f44pjvq` service tier `on_demand` on tokens per day (TPD): Limit 100000, Used 99285, Requested 1015. Please try again in 4m19.2s. Need more tokens? Upgrade to Dev Tier today at https://console.groq.com/settings/billing', 'type': 'tokens', 'code': 'rate_limit_exceeded'}}"
second larger.c,ERROR,ERROR,ERROR,ERROR,ERROR,"Error code: 429 - {'error': {'message': 'Rate limit reached for model `llama-3.3-70b-versatile` in organization `org_01kbpjphpvfns9z0cm9f44pjvq` service tier `on_demand` on tokens per day (TPD): Limit 100000, Used 99285, Requested 937. Please try again in 3m11.808s. Need more tokens? Upgrade to Dev Tier today at https://console.groq.com/settings/billing', 'type': 'tokens', 'code': 'rate_limit_exceeded'}}"
second larger_1.c,ERROR,ERROR,ERROR,ERROR,ERROR,"Error code: 429 - {'error': {'message': 'Rate limit reached for model `llama-3.3-70b-versatile` in organization `org_01kbpjphpvfns9z0cm9f44pjvq` service tier `on_demand` on tokens per day (TPD): Limit 100000, Used 99285, Requested 919. Please try again in 2m56.256s. Need more tokens? Upgrade to Dev Tier today at https://console.groq.com/settings/billing', 'type': 'tokens', 'code': 'rate_limit_exceeded'}}"
selection (1).c,ERROR,ERROR,ERROR,ERROR,ERROR,"Error code: 429 - {'error': {'message': 'Rate limit reached for model `llama-3.3-70b-versatile` in organization `org_01kbpjphpvfns9z0cm9f44pjvq` service tier `on_demand` on tokens per day (TPD): Limit 100000, Used 99285, Requested 1005. Please try again in 4m10.559999999s. Need more tokens? Upgrade to Dev Tier today at https://console.groq.com/settings/billing', 'type': 'tokens', 'code': 'rate_limit_exceeded'}}"
selection (1)_1.c,ERROR,ERROR,ERROR,ERROR,ERROR,"Error code: 429 - {'error': {'message': 'Rate limit reached for model `llama-3.3-70b-versatile` in organization `org_01kbpjphpvfns9z0cm9f44pjvq` service tier `on_demand` on tokens per day (TPD): Limit 100000, Used 99285, Requested 1005. Please try again in 4m10.559999999s. Need more tokens? Upgrade to Dev Tier today at https://console.groq.com/settings/billing', 'type': 'tokens', 'code': 'rate_limit_exceeded'}}"
series.c,ERROR,ERROR,ERROR,ERROR,ERROR,"Error code: 429 - {'error': {'message': 'Rate limit reached for model `llama-3.3-70b-versatile` in organization `org_01kbpjphpvfns9z0cm9f44pjvq` service tier `on_demand` on tokens per day (TPD): Limit 100000, Used 99285, Requested 905. Please try again in 2m44.16s. Need more tokens? Upgrade to Dev Tier today at https://console.groq.com/settings/billing', 'type': 'tokens', 'code': 'rate_limit_exceeded'}}"
series_1.c,ERROR,ERROR,ERROR,ERROR,ERROR,"Error code: 429 - {'error': {'message': 'Rate limit reached for model `llama-3.3-70b-versatile` in organization `org_01kbpjphpvfns9z0cm9f44pjvq` service tier `on_demand` on tokens per day (TPD): Limit 100000, Used 99285, Requested 917. Please try again in 2m54.528s. Need more tokens? Upgrade to Dev Tier today at https://console.groq.com/settings/billing', 'type': 'tokens', 'code': 'rate_limit_exceeded'}}"
shbrhe.c,ERROR,ERROR,ERROR,ERROR,ERROR,"Error code: 429 - {'error': {'message': 'Rate limit reached for model `llama-3.3-70b-versatile` in organization `org_01kbpjphpvfns9z0cm9f44pjvq` service tier `on_demand` on tokens per day (TPD): Limit 100000, Used 99285, Requested 2484. Please try again in 25m28.416s. Need more tokens? Upgrade to Dev Tier today at https://console.groq.com/settings/billing', 'type': 'tokens', 'code': 'rate_limit_exceeded'}}"
shbrhe_1.c,ERROR,ERROR,ERROR,ERROR,ERROR,"Error code: 429 - {'error': {'message': 'Rate limit reached for model `llama-3.3-70b-versatile` in organization `org_01kbpjphpvfns9z0cm9f44pjvq` service tier `on_demand` on tokens per day (TPD): Limit 100000, Used 99285, Requested 2490. Please try again in 25m33.6s. Need more tokens? Upgrade to Dev Tier today at https://console.groq.com/settings/billing', 'type': 'tokens', 'code': 'rate_limit_exceeded'}}"
ShreyaProject.c,ERROR,ERROR,ERROR,ERROR,ERROR,"Error code: 429 - {'error': {'message': 'Rate limit reached for model `llama-3.3-70b-versatile` in organization `org_01kbpjphpvfns9z0cm9f44pjvq` service tier `on_demand` on tokens per day (TPD): Limit 100000, Used 99284, Requested 2482. Please try again in 25m25.823999999s. Need more tokens? Upgrade to Dev Tier today at https://console.groq.com/settings/billing', 'type': 'tokens', 'code': 'rate_limit_exceeded'}}"
ShreyaProject_1.c,ERROR,ERROR,ERROR,ERROR,ERROR,"Error code: 429 - {'error': {'message': 'Rate limit reached for model `llama-3.3-70b-versatile` in organization `org_01kbpjphpvfns9z0cm9f44pjvq` service tier `on_demand` on tokens per day (TPD): Limit 100000, Used 99284, Requested 2476. Please try again in 25m20.64s. Need more tokens? Upgrade to Dev Tier today at https://console.groq.com/settings/billing', 'type': 'tokens', 'code': 'rate_limit_exceeded'}}"
skewsymmeric.c,ERROR,ERROR,ERROR,ERROR,ERROR,"Error code: 429 - {'error': {'message': 'Rate limit reached for model `llama-3.3-70b-versatile` in organization `org_01kbpjphpvfns9z0cm9f44pjvq` service tier `on_demand` on tokens per day (TPD): Limit 100000, Used 99284, Requested 1090. Please try again in 5m23.135999999s. Need more tokens? Upgrade to Dev Tier today at https://console.groq.com/settings/billing', 'type': 'tokens', 'code': 'rate_limit_exceeded'}}"
skewsymmeric_1.c,ERROR,ERROR,ERROR,ERROR,ERROR,"Error code: 429 - {'error': {'message': 'Rate limit reached for model `llama-3.3-70b-versatile` in organization `org_01kbpjphpvfns9z0cm9f44pjvq` service tier `on_demand` on tokens per day (TPD): Limit 100000, Used 99284, Requested 1096. Please try again in 5m28.32s. Need more tokens? Upgrade to Dev Tier today at https://console.groq.com/settings/billing', 'type': 'tokens', 'code': 'rate_limit_exceeded'}}"
slection sort.c,ERROR,ERROR,ERROR,ERROR,ERROR,"Error code: 429 - {'error': {'message': 'Rate limit reached for model `llama-3.3-70b-versatile` in organization `org_01kbpjphpvfns9z0cm9f44pjvq` service tier `on_demand` on tokens per day (TPD): Limit 100000, Used 99284, Requested 946. Please try again in 3m18.72s. Need more tokens? Upgrade to Dev Tier today at https://console.groq.com/settings/billing', 'type': 'tokens', 'code': 'rate_limit_exceeded'}}"
slection sort_1.c,ERROR,ERROR,ERROR,ERROR,ERROR,"Error code: 429 - {'error': {'message': 'Rate limit reached for model `llama-3.3-70b-versatile` in organization `org_01kbpjphpvfns9z0cm9f44pjvq` service tier `on_demand` on tokens per day (TPD): Limit 100000, Used 99284, Requested 934. Please try again in 3m8.352s. Need more tokens? Upgrade to Dev Tier today at https://console.groq.com/settings/billing', 'type': 'tokens', 'code': 'rate_limit_exceeded'}}"
sln.c,ERROR,ERROR,ERROR,ERROR,ERROR,"Error code: 429 - {'error': {'message': 'Rate limit reached for model `llama-3.3-70b-versatile` in organization `org_01kbpjphpvfns9z0cm9f44pjvq` service tier `on_demand` on tokens per day (TPD): Limit 100000, Used 99283, Requested 1020. Please try again in 4m21.792s. Need more tokens? Upgrade to Dev Tier today at https://console.groq.com/settings/billing', 'type': 'tokens', 'code': 'rate_limit_exceeded'}}"
sln_1.c,ERROR,ERROR,ERROR,ERROR,ERROR,"Error code: 429 - {'error': {'message': 'Rate limit reached for model `llama-3.3-70b-versatile` in organization `org_01kbpjphpvfns9z0cm9f44pjvq` service tier `on_demand` on tokens per day (TPD): Limit 100000, Used 99283, Requested 1038. Please try again in 4m37.344s. Need more tokens? Upgrade to Dev Tier today at https://console.groq.com/settings/billing', 'type': 'tokens', 'code': 'rate_limit_exceeded'}}"
sorting row elements.c,ERROR,ERROR,ERROR,ERROR,ERROR,"Error code: 429 - {'error': {'message': 'Rate limit reached for model `llama-3.3-70b-versatile` in organization `org_01kbpjphpvfns9z0cm9f44pjvq` service tier `on_demand` on tokens per day (TPD): Limit 100000, Used 99283, Requested 1120. Please try again in 5m48.191999999s. Need more tokens? Upgrade to Dev Tier today at https://console.groq.com/settings/billing', 'type': 'tokens', 'code': 'rate_limit_exceeded'}}"
sorting row elements_1.c,ERROR,ERROR,ERROR,ERROR,ERROR,"Error code: 429 - {'error': {'message': 'Rate limit reached for model `llama-3.3-70b-versatile` in organization `org_01kbpjphpvfns9z0cm9f44pjvq` service tier `on_demand` on tokens per day (TPD): Limit 100000, Used 99283, Requested 1108. Please try again in 5m37.824s. Need more tokens? Upgrade to Dev Tier today at https://console.groq.com/settings/billing', 'type': 'tokens', 'code': 'rate_limit_exceeded'}}"
Sproject.c,ERROR,ERROR,ERROR,ERROR,ERROR,"Error code: 429 - {'error': {'message': 'Rate limit reached for model `llama-3.3-70b-versatile` in organization `org_01kbpjphpvfns9z0cm9f44pjvq` service tier `on_demand` on tokens per day (TPD): Limit 100000, Used 99283, Requested 2758. Please try again in 29m23.424s. Need more tokens? Upgrade to Dev Tier today at https://console.groq.com/settings/billing', 'type': 'tokens', 'code': 'rate_limit_exceeded'}}"
Sproject_1.c,ERROR,ERROR,ERROR,ERROR,ERROR,"Error code: 429 - {'error': {'message': 'Rate limit reached for model `llama-3.3-70b-versatile` in organization `org_01kbpjphpvfns9z0cm9f44pjvq` service tier `on_demand` on tokens per day (TPD): Limit 100000, Used 99283, Requested 2746. Please try again in 29m13.055999999s. Need more tokens? Upgrade to Dev Tier today at https://console.groq.com/settings/billing', 'type': 'tokens', 'code': 'rate_limit_exceeded'}}"
storage classes. c.c,ERROR,ERROR,ERROR,ERROR,ERROR,"Error code: 429 - {'error': {'message': 'Rate limit reached for model `llama-3.3-70b-versatile` in organization `org_01kbpjphpvfns9z0cm9f44pjvq` service tier `on_demand` on tokens per day (TPD): Limit 100000, Used 99283, Requested 1256. Please try again in 7m45.696s. Need more tokens? Upgrade to Dev Tier today at https://console.groq.com/settings/billing', 'type': 'tokens', 'code': 'rate_limit_exceeded'}}"
storage classes. c_1.c,ERROR,ERROR,ERROR,ERROR,ERROR,"Error code: 429 - {'error': {'message': 'Rate limit reached for model `llama-3.3-70b-versatile` in organization `org_01kbpjphpvfns9z0cm9f44pjvq` service tier `on_demand` on tokens per day (TPD): Limit 100000, Used 99283, Requested 1256. Please try again in 7m45.696s. Need more tokens? Upgrade to Dev Tier today at https://console.groq.com/settings/billing', 'type': 'tokens', 'code': 'rate_limit_exceeded'}}"
strassenmatrix.c,ERROR,ERROR,ERROR,ERROR,ERROR,"Error code: 429 - {'error': {'message': 'Rate limit reached for model `llama-3.3-70b-versatile` in organization `org_01kbpjphpvfns9z0cm9f44pjvq` service tier `on_demand` on tokens per day (TPD): Limit 100000, Used 99282, Requested 1261. Please try again in 7m49.152s. Need more tokens? Upgrade to Dev Tier today at https://console.groq.com/settings/billing', 'type': 'tokens', 'code': 'rate_limit_exceeded'}}"
strassenmatrix_1.c,ERROR,ERROR,ERROR,ERROR,ERROR,"Error code: 429 - {'error': {'message': 'Rate limit reached for model `llama-3.3-70b-versatile` in organization `org_01kbpjphpvfns9z0cm9f44pjvq` service tier `on_demand` on tokens per day (TPD): Limit 100000, Used 99282, Requested 1261. Please try again in 7m49.152s. Need more tokens? Upgrade to Dev Tier today at https://console.groq.com/settings/billing', 'type': 'tokens', 'code': 'rate_limit_exceeded'}}"
Strassens.c,ERROR,ERROR,ERROR,ERROR,ERROR,"Error code: 429 - {'error': {'message': 'Rate limit reached for model `llama-3.3-70b-versatile` in organization `org_01kbpjphpvfns9z0cm9f44pjvq` service tier `on_demand` on tokens per day (TPD): Limit 100000, Used 99282, Requested 1326. Please try again in 8m45.312s. Need more tokens? Upgrade to Dev Tier today at https://console.groq.com/settings/billing', 'type': 'tokens', 'code': 'rate_limit_exceeded'}}"
Strassens_1.c,ERROR,ERROR,ERROR,ERROR,ERROR,"Error code: 429 - {'error': {'message': 'Rate limit reached for model `llama-3.3-70b-versatile` in organization `org_01kbpjphpvfns9z0cm9f44pjvq` service tier `on_demand` on tokens per day (TPD): Limit 100000, Used 99282, Requested 1308. Please try again in 8m29.76s. Need more tokens? Upgrade to Dev Tier today at https://console.groq.com/settings/billing', 'type': 'tokens', 'code': 'rate_limit_exceeded'}}"
string pattern.c,ERROR,ERROR,ERROR,ERROR,ERROR,"Error code: 429 - {'error': {'message': 'Rate limit reached for model `llama-3.3-70b-versatile` in organization `org_01kbpjphpvfns9z0cm9f44pjvq` service tier `on_demand` on tokens per day (TPD): Limit 100000, Used 99282, Requested 874. Please try again in 2m14.783999999s. Need more tokens? Upgrade to Dev Tier today at https://console.groq.com/settings/billing', 'type': 'tokens', 'code': 'rate_limit_exceeded'}}"
string pattern_1.c,ERROR,ERROR,ERROR,ERROR,ERROR,"Error code: 429 - {'error': {'message': 'Rate limit reached for model `llama-3.3-70b-versatile` in organization `org_01kbpjphpvfns9z0cm9f44pjvq` service tier `on_demand` on tokens per day (TPD): Limit 100000, Used 99282, Requested 862. Please try again in 2m4.416s. Need more tokens? Upgrade to Dev Tier today at https://console.groq.com/settings/billing', 'type': 'tokens', 'code': 'rate_limit_exceeded'}}"
strong number (1).c,ERROR,ERROR,ERROR,ERROR,ERROR,"Error code: 429 - {'error': {'message': 'Rate limit reached for model `llama-3.3-70b-versatile` in organization `org_01kbpjphpvfns9z0cm9f44pjvq` service tier `on_demand` on tokens per day (TPD): Limit 100000, Used 99282, Requested 993. Please try again in 3m57.6s. Need more tokens? Upgrade to Dev Tier today at https://console.groq.com/settings/billing', 'type': 'tokens', 'code': 'rate_limit_exceeded'}}"
strong number (1)_1.c,ERROR,ERROR,ERROR,ERROR,ERROR,"Error code: 429 - {'error': {'message': 'Rate limit reached for model `llama-3.3-70b-versatile` in organization `org_01kbpjphpvfns9z0cm9f44pjvq` service tier `on_demand` on tokens per day (TPD): Limit 100000, Used 99282, Requested 975. Please try again in 3m42.047999999s. Need more tokens? Upgrade to Dev Tier today at https://console.groq.com/settings/billing', 'type': 'tokens', 'code': 'rate_limit_exceeded'}}"
struct .c,ERROR,ERROR,ERROR,ERROR,ERROR,"Error code: 429 - {'error': {'message': 'Rate limit reached for model `llama-3.3-70b-versatile` in organization `org_01kbpjphpvfns9z0cm9f44pjvq` service tier `on_demand` on tokens per day (TPD): Limit 100000, Used 99281, Requested 1924. Please try again in 17m21.119999999s. Need more tokens? Upgrade to Dev Tier today at https://console.groq.com/settings/billing', 'type': 'tokens', 'code': 'rate_limit_exceeded'}}"
struct _1.c,ERROR,ERROR,ERROR,ERROR,ERROR,"Error code: 429 - {'error': {'message': 'Rate limit reached for model `llama-3.3-70b-versatile` in organization `org_01kbpjphpvfns9z0cm9f44pjvq` service tier `on_demand` on tokens per day (TPD): Limit 100000, Used 99281, Requested 1924. Please try again in 17m21.119999999s. Need more tokens? Upgrade to Dev Tier today at https://console.groq.com/settings/billing', 'type': 'tokens', 'code': 'rate_limit_exceeded'}}"
Student Registration system.c,ERROR,ERROR,ERROR,ERROR,ERROR,"Error code: 429 - {'error': {'message': 'Rate limit reached for model `llama-3.3-70b-versatile` in organization `org_01kbpjphpvfns9z0cm9f44pjvq` service tier `on_demand` on tokens per day (TPD): Limit 100000, Used 99281, Requested 2216. Please try again in 21m33.408s. Need more tokens? Upgrade to Dev Tier today at https://console.groq.com/settings/billing', 'type': 'tokens', 'code': 'rate_limit_exceeded'}}"
Student Registration system_1.c,ERROR,ERROR,ERROR,ERROR,ERROR,"Error code: 429 - {'error': {'message': 'Rate limit reached for model `llama-3.3-70b-versatile` in organization `org_01kbpjphpvfns9z0cm9f44pjvq` service tier `on_demand` on tokens per day (TPD): Limit 100000, Used 99281, Requested 2216. Please try again in 21m33.408s. Need more tokens? Upgrade to Dev Tier today at https://console.groq.com/settings/billing', 'type': 'tokens', 'code': 'rate_limit_exceeded'}}"
subset.c,ERROR,ERROR,ERROR,ERROR,ERROR,"Error code: 429 - {'error': {'message': 'Rate limit reached for model `llama-3.3-70b-versatile` in organization `org_01kbpjphpvfns9z0cm9f44pjvq` service tier `on_demand` on tokens per day (TPD): Limit 100000, Used 99281, Requested 1028. Please try again in 4m26.976s. Need more tokens? Upgrade to Dev Tier today at https://console.groq.com/settings/billing', 'type': 'tokens', 'code': 'rate_limit_exceeded'}}"
subset_1.c,ERROR,ERROR,ERROR,ERROR,ERROR,"Error code: 429 - {'error': {'message': 'Rate limit reached for model `llama-3.3-70b-versatile` in organization `org_01kbpjphpvfns9z0cm9f44pjvq` service tier `on_demand` on tokens per day (TPD): Limit 100000, Used 99281, Requested 1016. Please try again in 4m16.608s. Need more tokens? Upgrade to Dev Tier today at https://console.groq.com/settings/billing', 'type': 'tokens', 'code': 'rate_limit_exceeded'}}"
sum of digits-recursion.c,ERROR,ERROR,ERROR,ERROR,ERROR,"Error code: 429 - {'error': {'message': 'Rate limit reached for model `llama-3.3-70b-versatile` in organization `org_01kbpjphpvfns9z0cm9f44pjvq` service tier `on_demand` on tokens per day (TPD): Limit 100000, Used 99281, Requested 923. Please try again in 2m56.256s. Need more tokens? Upgrade to Dev Tier today at https://console.groq.com/settings/billing', 'type': 'tokens', 'code': 'rate_limit_exceeded'}}"
sum of digits-recursion_1.c,ERROR,ERROR,ERROR,ERROR,ERROR,"Error code: 429 - {'error': {'message': 'Rate limit reached for model `llama-3.3-70b-versatile` in organization `org_01kbpjphpvfns9z0cm9f44pjvq` service tier `on_demand` on tokens per day (TPD): Limit 100000, Used 99281, Requested 917. Please try again in 2m51.072s. Need more tokens? Upgrade to Dev Tier today at https://console.groq.com/settings/billing', 'type': 'tokens', 'code': 'rate_limit_exceeded'}}"
symmetric.c,ERROR,ERROR,ERROR,ERROR,ERROR,"Error code: 429 - {'error': {'message': 'Rate limit reached for model `llama-3.3-70b-versatile` in organization `org_01kbpjphpvfns9z0cm9f44pjvq` service tier `on_demand` on tokens per day (TPD): Limit 100000, Used 99280, Requested 1096. Please try again in 5m24.864s. Need more tokens? Upgrade to Dev Tier today at https://console.groq.com/settings/billing', 'type': 'tokens', 'code': 'rate_limit_exceeded'}}"
symmetric_1.c,ERROR,ERROR,ERROR,ERROR,ERROR,"Error code: 429 - {'error': {'message': 'Rate limit reached for model `llama-3.3-70b-versatile` in organization `org_01kbpjphpvfns9z0cm9f44pjvq` service tier `on_demand` on tokens per day (TPD): Limit 100000, Used 99280, Requested 1096. Please try again in 5m24.864s. Need more tokens? Upgrade to Dev Tier today at https://console.groq.com/settings/billing', 'type': 'tokens', 'code': 'rate_limit_exceeded'}}"
tic tac toe.c,ERROR,ERROR,ERROR,ERROR,ERROR,"Error code: 429 - {'error': {'message': 'Rate limit reached for model `llama-3.3-70b-versatile` in organization `org_01kbpjphpvfns9z0cm9f44pjvq` service tier `on_demand` on tokens per day (TPD): Limit 100000, Used 99280, Requested 2244. Please try again in 21m56.736s. Need more tokens? Upgrade to Dev Tier today at https://console.groq.com/settings/billing', 'type': 'tokens', 'code': 'rate_limit_exceeded'}}"
tic tac toe_1.c,ERROR,ERROR,ERROR,ERROR,ERROR,"Error code: 429 - {'error': {'message': 'Rate limit reached for model `llama-3.3-70b-versatile` in organization `org_01kbpjphpvfns9z0cm9f44pjvq` service tier `on_demand` on tokens per day (TPD): Limit 100000, Used 99280, Requested 2262. Please try again in 22m12.288s. Need more tokens? Upgrade to Dev Tier today at https://console.groq.com/settings/billing', 'type': 'tokens', 'code': 'rate_limit_exceeded'}}"
unique.c,ERROR,ERROR,ERROR,ERROR,ERROR,"Error code: 429 - {'error': {'message': 'Rate limit reached for model `llama-3.3-70b-versatile` in organization `org_01kbpjphpvfns9z0cm9f44pjvq` service tier `on_demand` on tokens per day (TPD): Limit 100000, Used 99280, Requested 977. Please try again in 3m42.047999999s. Need more tokens? Upgrade to Dev Tier today at https://console.groq.com/settings/billing', 'type': 'tokens', 'code': 'rate_limit_exceeded'}}"
unique_1.c,ERROR,ERROR,ERROR,ERROR,ERROR,"Error code: 429 - {'error': {'message': 'Rate limit reached for model `llama-3.3-70b-versatile` in organization `org_01kbpjphpvfns9z0cm9f44pjvq` service tier `on_demand` on tokens per day (TPD): Limit 100000, Used 99280, Requested 977. Please try again in 3m42.047999999s. Need more tokens? Upgrade to Dev Tier today at https://console.groq.com/settings/billing', 'type': 'tokens', 'code': 'rate_limit_exceeded'}}"
warshal.c,ERROR,ERROR,ERROR,ERROR,ERROR,"Error code: 429 - {'error': {'message': 'Rate limit reached for model `llama-3.3-70b-versatile` in organization `org_01kbpjphpvfns9z0cm9f44pjvq` service tier `on_demand` on tokens per day (TPD): Limit 100000, Used 99280, Requested 1308. Please try again in 8m28.032s. Need more tokens? Upgrade to Dev Tier today at https://console.groq.com/settings/billing', 'type': 'tokens', 'code': 'rate_limit_exceeded'}}"
Warshalls algorithm.c,ERROR,ERROR,ERROR,ERROR,ERROR,"Error code: 429 - {'error': {'message': 'Rate limit reached for model `llama-3.3-70b-versatile` in organization `org_01kbpjphpvfns9z0cm9f44pjvq` service tier `on_demand` on tokens per day (TPD): Limit 100000, Used 99280, Requested 1112. Please try again in 5m38.688s. Need more tokens? Upgrade to Dev Tier today at https://console.groq.com/settings/billing', 'type': 'tokens', 'code': 'rate_limit_exceeded'}}"
Warshalls algorithm_1.c,ERROR,ERROR,ERROR,ERROR,ERROR,"Error code: 429 - {'error': {'message': 'Rate limit reached for model `llama-3.3-70b-versatile` in organization `org_01kbpjphpvfns9z0cm9f44pjvq` service tier `on_demand` on tokens per day (TPD): Limit 100000, Used 99279, Requested 1100. Please try again in 5m27.456s. Need more tokens? Upgrade to Dev Tier today at https://console.groq.com/settings/billing', 'type': 'tokens', 'code': 'rate_limit_exceeded'}}"
warshal_1.c,ERROR,ERROR,ERROR,ERROR,ERROR,"Error code: 429 - {'error': {'message': 'Rate limit reached for model `llama-3.3-70b-versatile` in organization `org_01kbpjphpvfns9z0cm9f44pjvq` service tier `on_demand` on tokens per day (TPD): Limit 100000, Used 99279, Requested 1308. Please try again in 8m27.168s. Need more tokens? Upgrade to Dev Tier today at https://console.groq.com/settings/billing', 'type': 'tokens', 'code': 'rate_limit_exceeded'}}"
WEEK 3 KJ DAA.c,ERROR,ERROR,ERROR,ERROR,ERROR,"Error code: 429 - {'error': {'message': 'Rate limit reached for model `llama-3.3-70b-versatile` in organization `org_01kbpjphpvfns9z0cm9f44pjvq` service tier `on_demand` on tokens per day (TPD): Limit 100000, Used 99279, Requested 1061. Please try again in 4m53.76s. Need more tokens? Upgrade to Dev Tier today at https://console.groq.com/settings/billing', 'type': 'tokens', 'code': 'rate_limit_exceeded'}}"
WEEK 3 KJ DAA_1.c,ERROR,ERROR,ERROR,ERROR,ERROR,"Error code: 429 - {'error': {'message': 'Rate limit reached for model `llama-3.3-70b-versatile` in organization `org_01kbpjphpvfns9z0cm9f44pjvq` service tier `on_demand` on tokens per day (TPD): Limit 100000, Used 99279, Requested 1079. Please try again in 5m9.312s. Need more tokens? Upgrade to Dev Tier today at https://console.groq.com/settings/billing', 'type': 'tokens', 'code': 'rate_limit_exceeded'}}"
wordwin.c,ERROR,ERROR,ERROR,ERROR,ERROR,"Error code: 429 - {'error': {'message': 'Rate limit reached for model `llama-3.3-70b-versatile` in organization `org_01kbpjphpvfns9z0cm9f44pjvq` service tier `on_demand` on tokens per day (TPD): Limit 100000, Used 99279, Requested 986. Please try again in 3m48.96s. Need more tokens? Upgrade to Dev Tier today at https://console.groq.com/settings/billing', 'type': 'tokens', 'code': 'rate_limit_exceeded'}}"
wordwin_1.c,ERROR,ERROR,ERROR,ERROR,ERROR,"Error code: 429 - {'error': {'message': 'Rate limit reached for model `llama-3.3-70b-versatile` in organization `org_01kbpjphpvfns9z0cm9f44pjvq` service tier `on_demand` on tokens per day (TPD): Limit 100000, Used 99279, Requested 992. Please try again in 3m54.144s. Need more tokens? Upgrade to Dev Tier today at https://console.groq.com/settings/billing', 'type': 'tokens', 'code': 'rate_limit_exceeded'}}"
wrnn.c,ERROR,ERROR,ERROR,ERROR,ERROR,"Error code: 429 - {'error': {'message': 'Rate limit reached for model `llama-3.3-70b-versatile` in organization `org_01kbpjphpvfns9z0cm9f44pjvq` service tier `on_demand` on tokens per day (TPD): Limit 100000, Used 99279, Requested 982. Please try again in 3m45.504s. Need more tokens? Upgrade to Dev Tier today at https://console.groq.com/settings/billing', 'type': 'tokens', 'code': 'rate_limit_exceeded'}}"
wrnn_1.c,ERROR,ERROR,ERROR,ERROR,ERROR,"Error code: 429 - {'error': {'message': 'Rate limit reached for model `llama-3.3-70b-versatile` in organization `org_01kbpjphpvfns9z0cm9f44pjvq` service tier `on_demand` on tokens per day (TPD): Limit 100000, Used 99279, Requested 988. Please try again in 3m50.688s. Need more tokens? Upgrade to Dev Tier today at https://console.groq.com/settings/billing', 'type': 'tokens', 'code': 'rate_limit_exceeded'}}"
wrong matix mul.c,ERROR,ERROR,ERROR,ERROR,ERROR,"Error code: 429 - {'error': {'message': 'Rate limit reached for model `llama-3.3-70b-versatile` in organization `org_01kbpjphpvfns9z0cm9f44pjvq` service tier `on_demand` on tokens per day (TPD): Limit 100000, Used 99278, Requested 1424. Please try again in 10m6.528s. Need more tokens? Upgrade to Dev Tier today at https://console.groq.com/settings/billing', 'type': 'tokens', 'code': 'rate_limit_exceeded'}}"
wrong matix mul_1.c,ERROR,ERROR,ERROR,ERROR,ERROR,"Error code: 429 - {'error': {'message': 'Rate limit reached for model `llama-3.3-70b-versatile` in organization `org_01kbpjphpvfns9z0cm9f44pjvq` service tier `on_demand` on tokens per day (TPD): Limit 100000, Used 99278, Requested 1442. Please try again in 10m22.079999999s. Need more tokens? Upgrade to Dev Tier today at https://console.groq.com/settings/billing', 'type': 'tokens', 'code': 'rate_limit_exceeded'}}"
wrong.c,ERROR,ERROR,ERROR,ERROR,ERROR,"Error code: 429 - {'error': {'message': 'Rate limit reached for model `llama-3.3-70b-versatile` in organization `org_01kbpjphpvfns9z0cm9f44pjvq` service tier `on_demand` on tokens per day (TPD): Limit 100000, Used 99278, Requested 930. Please try again in 2m59.712s. Need more tokens? Upgrade to Dev Tier today at https://console.groq.com/settings/billing', 'type': 'tokens', 'code': 'rate_limit_exceeded'}}"
wrong_1.c,ERROR,ERROR,ERROR,ERROR,ERROR,"Error code: 429 - {'error': {'message': 'Rate limit reached for model `llama-3.3-70b-versatile` in organization `org_01kbpjphpvfns9z0cm9f44pjvq` service tier `on_demand` on tokens per day (TPD): Limit 100000, Used 99278, Requested 942. Please try again in 3m10.08s. Need more tokens? Upgrade to Dev Tier today at https://console.groq.com/settings/billing', 'type': 'tokens', 'code': 'rate_limit_exceeded'}}"
wuwuw. c.c,ERROR,ERROR,ERROR,ERROR,ERROR,"Error code: 429 - {'error': {'message': 'Rate limit reached for model `llama-3.3-70b-versatile` in organization `org_01kbpjphpvfns9z0cm9f44pjvq` service tier `on_demand` on tokens per day (TPD): Limit 100000, Used 99278, Requested 3015. Please try again in 33m1.151999999s. Need more tokens? Upgrade to Dev Tier today at https://console.groq.com/settings/billing', 'type': 'tokens', 'code': 'rate_limit_exceeded'}}"
wuwuw. c_1.c,ERROR,ERROR,ERROR,ERROR,ERROR,"Error code: 429 - {'error': {'message': 'Rate limit reached for model `llama-3.3-70b-versatile` in organization `org_01kbpjphpvfns9z0cm9f44pjvq` service tier `on_demand` on tokens per day (TPD): Limit 100000, Used 99278, Requested 3021. Please try again in 33m6.336s. Need more tokens? Upgrade to Dev Tier today at https://console.groq.com/settings/billing', 'type': 'tokens', 'code': 'rate_limit_exceeded'}}"
_.... c.c,ERROR,ERROR,ERROR,ERROR,ERROR,"Error code: 429 - {'error': {'message': 'Rate limit reached for model `llama-3.3-70b-versatile` in organization `org_01kbpjphpvfns9z0cm9f44pjvq` service tier `on_demand` on tokens per day (TPD): Limit 100000, Used 99278, Requested 2400. Please try again in 24m9.792s. Need more tokens? Upgrade to Dev Tier today at https://console.groq.com/settings/billing', 'type': 'tokens', 'code': 'rate_limit_exceeded'}}"
_.... c_1.c,ERROR,ERROR,ERROR,ERROR,ERROR,"Error code: 429 - {'error': {'message': 'Rate limit reached for model `llama-3.3-70b-versatile` in organization `org_01kbpjphpvfns9z0cm9f44pjvq` service tier `on_demand` on tokens per day (TPD): Limit 100000, Used 99277, Requested 2412. Please try again in 24m19.295999999s. Need more tokens? Upgrade to Dev Tier today at https://console.groq.com/settings/billing', 'type': 'tokens', 'code': 'rate_limit_exceeded'}}"
